4E00,G
4E01,S
4E03,A
4E07,D
4E08,D
4E09,C
4E09,D
4E0A,H
4E0B,G
4E0C,G
4E0D,I
4E0E,G
4E10,G
4E11,N
4E13,F
4E14,E
4E15,G
4E16,A
4E18,R
4E19,G
4E1A,O
4E1B,W
4E1C,A
4E1D,X
4E1E,B
4E1F,T
4E22,T
4E24,G
4E25,G
4E26,U
4E27,F
4E2A,W
4E2B,U
4E2D,K
4E30,D
4E32,K
4E34,J
4E38,V
4E39,M
4E3A,O
4E3B,Y
4E3D,G
4E3E,I
4E43,E
4E45,Q
4E47,T
4E48,T
4E48,X
4E49,Y
4E4B,P
4E4C,Q
4E4D,T
4E4E,T
4E4F,T
4E50,Q
4E50,Q
4E52,R
4E53,R
4E54,T
4E56,T
4E58,T
4E59,N
4E5C,N
4E5D,V
4E5E,T
4E5F,B
4E60,N
4E61,X
4E66,N
4E69,H
4E70,N
4E71,T
4E73,E
4E7E,F
4E82,T
4E86,B
4E88,C
4E89,Q
4E8B,G
4E8C,F
4E8D,F
4E8E,G
4E8F,F
4E91,F
4E92,G
4E93,F
4E94,G
4E95,F
4E98,G
4E99,G
4E9A,G
4E9B,H
4E9E,G
4E9F,B
4EA1,Y
4EA2,Y
4EA4,U
4EA5,Y
4EA6,Y
4EA7,U
4EA8,Y
4EA9,Y
4EAB,Y
4EAC,Y
4EAD,Y
4EAE,Y
4EB2,U
4EB3,Y
4EB5,Y
4EBA,W
4EBF,W
4EC0,W
4EC1,W
4EC1,W
4EC2,W
4EC3,W
4EC4,D
4EC5,W
4EC6,W
4EC7,W
4EC9,W
4ECA,W
4ECB,W
4ECD,W
4ECE,W
4ED1,W
4ED3,W
4ED4,W
4ED5,W
4ED5,W
4ED6,W
4ED7,W
4ED8,W
4ED9,W
4EDD,W
4EDE,W
4EDF,W
4EE1,W
4EE3,W
4EE4,W
4EE5,C
4EE8,W
4EEA,W
4EEB,W
4EEC,W
4EF0,W
4EF2,W
4EF3,W
4EF5,W
4EF5,W
4EF6,W
4EF7,W
4EFB,W
4EFD,W
4EFF,W
4F01,W
4F09,W
4F0A,W
4F0D,W
4F0E,W
4F0F,W
4F10,W
4F11,W
4F17,W
4F18,W
4F19,W
4F1A,W
4F1B,W
4F1E,W
4F1F,W
4F20,W
4F22,W
4F24,W
4F25,W
4F26,W
4F27,W
4F2A,W
4F2B,W
4F2F,W
4F30,W
4F32,W
4F34,W
4F36,W
4F38,W
4F3A,W
4F3C,W
4F3D,W
4F43,W
4F46,W
4F47,W
4F4D,W
4F4E,W
4F4F,W
4F50,W
4F51,W
4F53,W
4F55,W
4F57,W
4F58,W
4F59,W
4F5A,W
4F5B,W
4F5C,W
4F5D,W
4F5E,W
4F5F,W
4F60,W
4F63,W
4F64,W
4F65,W
4F67,W
4F69,W
4F6C,W
4F6F,W
4F70,W
4F73,W
4F74,W
4F76,W
4F7B,W
4F7C,W
4F7E,W
4F7F,W
4F83,W
4F84,W
4F86,G
4F88,W
4F89,W
4F8B,W
4F8D,W
4F8F,W
4F91,W
4F94,W
4F96,W
4F97,W
4F9B,W
4F9D,W
4FA0,W
4FA3,W
4FA5,W
4FA6,W
4FA7,W
4FA8,W
4FA9,W
4FAA,W
4FAC,W
4FAE,W
4FAF,W
4FB5,W
4FB6,W
4FBF,W
4FC1,W
4FC3,W
4FC4,W
4FC5,W
4FC5,W
4FCA,W
4FCE,W
4FCF,W
4FD0,W
4FD1,W
4FD7,W
4FD8,W
4FDA,W
4FDC,W
4FDD,W
4FDE,W
4FDF,W
4FE0,W
4FE1,W
4FE3,W
4FE6,W
4FE8,W
4FE9,W
4FEA,W
4FED,W
4FEE,W
4FEF,W
4FF1,W
4FF3,W
4FF8,W
4FFA,W
4FFE,W
5000,W
5006,W
5009,W
500B,W
500C,W
500D,W
500F,W
5011,W
5012,W
5014,W
5018,W
5019,W
501A,W
501C,W
501F,W
5021,W
5025,W
5026,W
5028,W
5029,W
502A,W
502B,W
502C,W
502D,W
502E,W
503A,W
503C,W
503E,W
5043,W
5047,W
5048,W
5049,W
504C,W
504E,W
504E,W
504F,W
5055,W
505A,W
505C,W
5065,W
506C,W
5074,W
5075,W
5076,W
5077,W
507B,W
507E,W
507F,W
5080,W
5085,W
5088,W
508D,W
5091,S
5096,W
5096,W
5098,W
5099,T
50A3,W
50A5,W
50A7,W
50A8,W
50A9,W
50AC,W
50AD,W
50AF,W
50B2,W
50B3,W
50B4,W
50B5,W
50B7,W
50BA,W
50BB,W
50BE,W
50C2,W
50C5,W
50C9,W
50CF,W
50D1,W
50D6,W
50DA,W
50DE,W
50E5,W
50E5,W
50E6,W
50E7,W
50E8,W
50EC,W
50ED,W
50EE,W
50F3,W
50F5,W
50F9,W
50FB,W
5100,W
5102,W
5104,W
5106,W
5107,W
5107,W
5108,W
5109,W
510B,W
5110,W
5112,W
5114,W
5115,W
511F,W
5121,W
512A,W
5132,W
5137,W
513A,W
513B,W
513C,W
513F,Q
5140,G
5141,C
5143,F
5144,K
5145,Y
5146,I
5148,T
5149,I
514B,D
514C,U
514D,Q
5151,U
5152,Q
5154,Q
5155,M
5156,U
5157,U
515A,I
515C,Q
5162,D
5165,T
5167,M
5168,W
5169,G
516B,W
516C,W
516D,U
516E,W
5170,U
5171,A
5173,U
5174,I
5175,R
5176,A
5177,H
5178,M
5179,U
517B,U
517C,U
517D,U
5180,U
5181,U
5185,M
5188,M
5189,M
518A,M
518C,M
518D,G
5192,J
5195,J
5197,P
5199,P
519B,P
519C,P
51A0,P
51A2,P
51A4,P
51A5,P
51AA,P
51AC,T
51AF,U
51B0,U
51B1,U
51B2,U
51B3,U
51B5,U
51B6,U
51B7,U
51BB,U
51BC,U
51BD,U
51C0,U
51C4,U
51C6,U
51C7,U
51C9,U
51CB,U
51CC,U
51CD,U
51CF,U
51D1,U
51DB,U
51DC,U
51DD,U
51E0,M
51E1,M
51E4,M
51EB,Q
51ED,W
51EF,M
51F0,M
51F1,M
51F3,W
51F3,W
51F6,Q
51F8,H
51F9,M
51FA,B
51FB,F
51FC,I
51FD,B
51FF,O
51FF,O
5200,V
5201,N
5203,V
5203,V
5206,W
5207,A
5208,Q
520A,F
520D,Q
520E,Q
5211,G
5212,A
5212,A
5216,E
5217,G
5218,Y
5219,M
521A,M
521B,W
521D,P
5220,M
5224,U
5225,K
5228,Q
5229,T
522A,M
522B,K
522D,C
522E,T
5230,G
5233,D
5236,R
5237,N
5238,U
5239,Q
523A,G
523B,Y
523D,W
523F,M
5240,M
5241,M
5242,Y
5243,U
5244,C
5247,M
524A,I
524C,G
524D,U
5250,K
5251,W
5254,J
5256,U
525B,M
525C,P
525D,V
525E,D
5261,O
5265,V
5267,N
5269,T
526A,U
526E,K
526F,G
5272,P
5274,M
5275,W
527D,S
527F,V
5281,W
5282,D
5283,A
5284,S
5287,N
5288,N
5288,K
5289,Y
528A,W
528C,M
528D,W
5290,A
5291,Y
5293,T
529B,L
529D,C
529E,L
529F,A
52A0,L
52A1,T
52A2,D
52A3,I
52A8,F
52A9,E
52AA,V
52AB,F
52AC,Q
52AD,V
52B1,D
52B2,C
52B3,A
52BE,Y
52BE,Y
52BF,R
52C1,C
52C3,F
52C7,C
52C9,Q
52CB,K
52D0,B
52D2,A
52D5,F
52D6,J
52D8,A
52D9,T
52DD,E
52DE,A
52DF,A
52E2,R
52E4,A
52F0,L
52F1,D
52F3,K
52F5,D
52F8,C
52FA,Q
52FB,Q
52FE,Q
52FF,Q
5300,Q
5305,Q
5306,Q
5308,Q
530D,Q
530F,D
5310,Q
5315,X
5316,W
5317,U
5319,J
531D,A
5320,A
5321,A
5323,A
5326,A
532A,A
532D,A
532E,A
5331,A
5339,A
533A,A
533B,A
533E,A
533F,A
5340,A
5341,F
5343,T
5345,G
5347,T
5348,T
5349,F
534A,U
534E,W
534F,F
5351,R
5352,Y
5353,H
5354,F
5355,U
5356,F
5357,F
535A,F
535C,H
535E,Y
535F,K
5360,H
5361,H
5362,H
5363,H
5364,H
5366,F
5367,A
536B,B
536E,R
536F,Q
5370,Q
5371,Q
5373,V
5374,F
5375,Q
5377,U
5378,R
537A,B
537B,F
537F,Q
5382,D
5384,D
5385,D
5386,D
5389,D
538B,D
538C,D
538D,D
5395,D
5398,D
5399,D
539A,D
539D,D
539F,D
539F,F
53A2,D
53A3,D
53A5,D
53A6,D
53A8,D
53A9,D
53AD,D
53AE,D
53B2,D
53B4,D
53B6,C
53BB,F
53BB,F
53BF,E
53C1,C
53C2,C
53C3,C
53C8,C
53C9,C
53CA,E
53CB,D
53CC,C
53CD,R
53D1,V
53D4,H
53D6,B
53D7,E
53D8,Y
53D9,W
53DB,U
53DF,V
53E0,R
53E0,C
53E2,W
53E3,K
53E4,D
53E5,Q
53E6,K
53E8,K
53E9,K
53EA,K
53EB,K
53EC,V
53ED,K
53EE,K
53EF,S
53F0,C
53F1,K
53F2,K
53F3,D
53F5,A
53F6,K
53F7,K
53F8,N
53F9,K
53FB,K
53FC,K
53FD,K
5401,K
5403,K
5404,T
5406,K
5408,W
5409,F
540A,K
540C,M
540D,Q
540E,R
540F,G
5410,K
5411,T
5412,K
5413,K
5415,K
5417,K
541B,V
541D,Y
541E,G
541F,K
5420,K
5421,K
5423,K
5426,G
5427,K
5428,K
5429,K
542B,W
542C,K
542D,K
542E,K
542F,Y
5431,K
5432,K
5433,K
5434,K
5435,K
5438,K
5439,K
543B,K
543C,K
543E,G
5440,K
5442,K
5443,K
5446,K
5448,K
544A,T
544B,K
5450,K
5452,K
5453,K
5454,K
5455,K
5456,K
5457,K
5458,K
5458,K
5459,K
545B,K
545C,K
5462,K
5464,K
5464,K
5466,K
5468,M
5471,K
5472,K
5473,K
5475,K
5476,K
5477,K
5478,K
547B,K
547C,K
547D,W
5480,K
5482,K
5484,K
5486,K
548B,K
548C,T
548E,T
548F,K
5490,K
5492,K
5494,K
5495,K
5496,K
5499,K
549A,K
549B,K
549D,K
54A3,K
54A4,K
54A6,K
54A7,K
54A8,U
54A9,K
54AA,K
54AB,N
54AC,K
54AD,K
54AF,K
54B1,K
54B3,K
54B4,K
54B8,D
54BB,K
54BC,K
54BD,K
54BF,K
54C0,Y
54C1,K
54C2,K
54C4,K
54C6,K
54C7,K
54C8,K
54C9,F
54CC,K
54CD,K
54CE,K
54CF,K
54D0,K
54D1,K
54D2,K
54D3,K
54D4,K
54D5,K
54D7,K
54D9,K
54DA,K
54DC,K
54DD,K
54DE,K
54DF,K
54E1,K
54E1,K
54E2,K
54E5,S
54E6,K
54E7,K
54E8,K
54E9,K
54EA,K
54ED,K
54EE,K
54F2,R
54F3,K
54FA,K
54FC,K
54FD,K
54FF,L
5501,K
5504,K
5506,K
5507,D
5509,K
550F,K
5510,Y
5511,K
5514,K
5515,K
551A,K
551B,K
5520,K
5522,K
5523,K
5524,K
5527,K
552A,K
552C,K
552E,W
552F,K
5530,K
5531,K
5533,K
5537,K
553C,K
553E,K
553E,K
553F,K
5541,K
5543,K
5544,K
5546,U
5549,K
5549,K
554A,K
554F,U
5550,K
5553,Y
5555,K
5556,K
555C,K
555E,K
5561,K
5564,K
5565,K
5566,K
5567,K
556A,K
556C,F
556D,K
556E,K
5575,K
5576,K
5577,K
5578,K
557B,U
557C,K
557E,K
5580,K
5581,K
5582,K
5583,K
5584,U
5587,K
5588,K
5589,K
558A,K
558B,K
558F,K
5591,K
5594,K
5598,K
5599,K
559A,K
559C,F
559D,K
559F,K
55A7,K
55AA,F
55AC,T
55AE,U
55B1,K
55B2,K
55B3,K
55B5,K
55B7,K
55B9,K
55BB,K
55BD,K
55BE,I
55C4,K
55C5,K
55C6,K
55C7,F
55C9,K
55CC,K
55CD,K
55CE,K
55D1,K
55D2,K
55D3,K
55D4,K
55D6,K
55DA,K
55DC,K
55DD,K
55DF,K
55E1,K
55E3,K
55E4,K
55E5,K
55E6,K
55E8,K
55E9,K
55EA,K
55EB,K
55EC,K
55EF,K
55F2,K
55F3,K
55F5,K
55F6,K
55F7,K
55FD,K
55FE,K
5600,K
5601,K
5608,K
5609,F
560C,K
560D,K
560E,K
560F,D
5614,K
5616,K
5617,I
5618,K
561B,K
561C,K
561E,K
561F,K
5623,K
5624,K
5627,K
5629,K
562C,K
562D,K
562E,K
562F,K
5630,K
5631,K
5632,K
5634,K
5635,K
5636,K
5638,K
5639,K
563B,K
563F,K
5645,K
564C,K
564D,K
564E,K
5653,K
5654,K
5657,K
5658,K
5659,K
5659,K
565C,K
565D,K
5660,K
5662,K
5664,K
5665,K
5666,K
5668,K
5669,G
566A,K
566B,K
566C,K
566C,K
566F,K
5671,K
5672,K
5674,K
5676,K
5678,K
567B,K
567C,K
5680,K
5685,K
5686,K
5687,K
568C,K
568E,K
568F,K
5693,K
5695,K
56A3,K
56A6,K
56A8,K
56AF,K
56B3,I
56B4,G
56B6,K
56B7,K
56BC,K
56C0,K
56C1,K
56C2,K
56C5,U
56C8,K
56CA,G
56D1,K
56D4,K
56DA,L
56DB,L
56DD,L
56DE,L
56DF,T
56E0,L
56E1,L
56E2,L
56E4,L
56EA,T
56EB,L
56ED,L
56F0,L
56F1,T
56F4,L
56F5,L
56F9,L
56FA,L
56FD,L
56FE,L
56FF,L
5703,L
5704,L
5706,L
5707,L
5708,L
5709,L
570A,L
570B,L
570D,L
5712,L
5713,L
5716,L
5718,L
571C,L
571F,F
5723,C
5728,D
5729,F
572A,F
572C,F
572D,F
572E,F
572E,F
572F,F
572F,F
5730,F
5733,F
5739,F
573A,F
573B,F
573E,F
5740,F
5742,F
5747,F
574A,F
574C,W
574D,F
574E,F
574F,F
5750,W
5751,F
5757,F
575A,J
575B,F
575C,F
575D,F
575E,F
575F,F
5760,B
5761,F
5764,F
5766,F
5768,F
5769,F
576A,F
576B,F
576D,F
576F,F
5770,F
5773,F
5776,F
5777,F
577B,F
577C,F
5782,T
5783,F
5784,D
5785,F
5786,F
578B,G
578C,F
5792,C
5793,F
579B,F
57A0,F
57A1,W
57A2,F
57A3,F
57A4,F
57A6,V
57A7,F
57A9,G
57AB,R
57AD,F
57AE,F
57B2,F
57B4,F
57B5,F
57B8,F
57C2,F
57C3,F
57CB,F
57CE,F
57CF,F
57D2,F
57D4,F
57D5,F
57D8,F
57D9,F
57DA,F
57DD,F
57DF,F
57E0,F
57E1,F
57E4,F
57ED,F
57EF,F
57F4,F
57F7,R
57F8,F
57F9,F
57FA,A
57FD,F
5800,F
5802,I
5805,J
5806,F
5807,A
580A,G
580B,F
580D,F
5811,L
5815,B
5816,F
5819,F
581D,F
581E,F
5820,F
5821,W
5824,F
582A,F
582F,A
5830,F
5831,R
5834,F
5835,F
583F,D
5844,F
584A,F
584B,A
584C,F
584D,E
584F,F
5851,U
5852,F
5854,F
5857,I
5858,F
585A,P
585E,P
5862,F
5864,F
5865,F
586B,F
586C,F
5875,I
5879,L
587E,Y
5880,F
5881,F
5883,F
5885,J
5889,F
588A,R
588A,F
5892,F
5893,A
5899,F
589A,F
589C,B
589E,F
589F,F
58A8,L
58A9,F
58AE,B
58B3,F
58BC,G
58BE,V
58C1,N
58C5,Y
58C7,F
58D1,H
58D3,D
58D5,F
58D8,C
58D9,F
58DA,F
58DE,F
58DF,D
58DF,F
58E2,F
58E4,F
58E9,F
58EB,F
58EC,T
58EE,U
58EF,U
58F0,F
58F3,F
58F3,F
58F6,F
58F9,F
58FA,F
58FD,D
5904,T
5907,T
590D,T
590F,D
5914,U
5915,Q
5916,Q
5919,M
591A,Q
591C,Y
591F,Q
5920,Q
5922,S
5924,Q
5925,J
5925,W
5927,D
5929,G
592A,D
592B,F
592D,T
592E,M
592F,D
5931,R
5934,U
5937,G
5938,D
5939,G
593A,D
593C,D
593E,G
5941,D
5942,Q
5944,D
5947,D
5948,D
5949,D
594B,D
594E,D
594F,D
5950,Q
5951,D
5954,D
5955,Y
5956,U
5957,D
5958,N
595A,E
5960,U
5962,D
5965,T
5967,T
5969,D
596A,D
596E,D
5973,V
5974,V
5976,V
5978,V
5979,V
597D,V
5981,V
5982,V
5983,V
5984,Y
5986,U
5987,V
5988,V
598A,V
598D,V
5992,V
5993,V
5996,V
5997,V
5999,V
599D,U
599E,V
59A3,V
59A4,V
59A5,E
59A8,V
59A9,V
59AA,V
59AB,V
59AE,V
59AF,V
59B2,V
59B9,V
59BB,G
59BE,U
59C6,V
59CA,V
59CB,V
59CD,V
59D0,V
59D1,V
59D2,V
59D3,V
59D4,T
59D7,V
59D8,V
59DA,V
59DC,U
59DD,V
59E3,V
59E5,V
59E8,V
59EC,V
59F9,V
59FB,V
59FF,U
5A01,D
5A03,V
5A04,O
5A05,V
5A06,V
5A07,V
5A08,Y
5A09,V
5A0C,V
5A11,I
5A13,V
5A18,V
5A1B,V
5A1C,V
5A1F,V
5A20,V
5A23,V
5A25,V
5A29,V
5A31,V
5A32,V
5A34,V
5A36,B
5A3C,V
5A40,V
5A41,O
5A46,I
5A49,V
5A4A,V
5A55,V
5A5A,V
5A62,V
5A66,V
5A67,V
5A6A,S
5A6D,V
5A74,M
5A75,V
5A76,V
5A77,V
5A7A,C
5A7F,V
5A92,V
5A9A,V
5A9B,V
5AA7,V
5AAA,V
5AB2,V
5AB3,V
5AB5,E
5AB8,V
5ABC,V
5ABD,V
5ABE,V
5AC1,V
5AC2,V
5AC9,V
5ACB,Q
5ACC,V
5AD2,V
5AD4,V
5AD6,V
5AD7,V
5AD8,V
5ADC,V
5AE0,F
5AE1,V
5AE3,V
5AE6,V
5AE9,V
5AEB,V
5AF1,V
5AF5,V
5AFB,V
5B00,V
5B08,V
5B09,V
5B0B,V
5B0C,V
5B16,N
5B17,V
5B19,V
5B21,V
5B24,V
5B2A,V
5B30,M
5B32,L
5B34,Y
5B34,Y
5B37,V
5B38,V
5B40,V
5B4C,Y
5B50,B
5B51,B
5B53,B
5B54,B
5B55,E
5B57,P
5B58,D
5B59,B
5B5A,E
5B5B,F
5B5C,B
5B5D,F
5B5F,B
5B62,B
5B63,T
5B64,B
5B65,V
5B66,I
5B69,B
5B6A,Y
5B6B,B
5B6C,G
5B70,Y
5B71,N
5B73,U
5B75,Q
5B78,I
5B7A,B
5B7D,A
5B7F,Y
5B81,P
5B83,P
5B84,P
5B85,P
5B87,P
5B88,P
5B89,P
5B8B,P
5B8C,P
5B8F,P
5B93,P
5B95,P
5B97,P
5B98,P
5B99,P
5B9A,P
5B9B,P
5B9C,P
5B9D,P
5B9E,P
5BA0,P
5BA1,P
5BA2,P
5BA3,P
5BA4,P
5BA5,P
5BA6,P
5BAA,P
5BAB,P
5BAE,P
5BB0,P
5BB3,P
5BB4,P
5BB5,P
5BB6,P
5BB8,P
5BB9,P
5BBD,P
5BBE,P
5BBF,P
5BC2,P
5BC4,P
5BC5,P
5BC6,P
5BC7,P
5BCC,P
5BD0,P
5BD2,P
5BD3,P
5BDD,P
5BDE,P
5BDF,P
5BE1,P
5BE2,P
5BE4,P
5BE5,P
5BE6,P
5BE7,P
5BE8,P
5BE9,P
5BEB,P
5BEC,P
5BEE,P
5BF0,P
5BF5,P
5BF6,P
5BF8,F
5BF9,C
5BFA,F
5BFB,V
5BFC,N
5BFF,D
5C01,F
5C04,T
5C06,U
5C07,U
5C08,F
5C09,N
5C0A,U
5C0B,V
5C0B,V
5C0D,C
5C0E,N
5C0F,I
5C11,I
5C14,Q
5C15,E
5C16,I
5C18,I
5C1A,I
5C1C,I
5C1D,I
5C24,D
5C24,D
5C25,D
5C27,A
5C2C,D
5C31,Y
5C34,D
5C37,D
5C38,N
5C39,V
5C3A,N
5C3B,N
5C3C,N
5C3D,N
5C3E,N
5C3F,N
5C40,N
5C41,N
5C42,N
5C45,N
5C46,N
5C48,N
5C49,N
5C4A,N
5C4B,N
5C4D,N
5C4E,N
5C4F,N
5C50,N
5C51,N
5C55,N
5C59,N
5C59,U
5C5C,N
5C5E,N
5C60,N
5C61,N
5C62,N
5C63,N
5C64,N
5C65,N
5C66,N
5C68,N
5C6C,N
5C6F,G
5C71,M
5C79,M
5C7A,M
5C7F,M
5C81,M
5C82,M
5C88,M
5C8C,M
5C8D,M
5C90,M
5C91,M
5C94,W
5C96,M
5C97,M
5C98,M
5C99,T
5C9A,M
5C9B,Q
5C9C,M
5CA1,M
5CA2,M
5CA3,M
5CA9,M
5CAB,M
5CAC,M
5CAD,M
5CB1,W
5CB3,R
5CB5,M
5CB7,M
5CB8,M
5CBD,M
5CBF,M
5CC1,M
5CC4,M
5CCB,M
5CD2,M
5CD9,M
5CE1,M
5CE4,M
5CE5,M
5CE6,Y
5CE8,M
5CEA,M
5CED,M
5CF0,M
5CF4,M
5CF6,Q
5CFB,M
5CFD,M
5D02,M
5D03,M
5D06,M
5D07,M
5D0D,M
5D0E,M
5D14,M
5D16,M
5D17,M
5D1B,M
5D1E,M
5D22,M
5D24,M
5D26,M
5D27,M
5D29,M
5D2C,M
5D2D,M
5D2E,M
5D33,M
5D34,M
5D3D,M
5D3E,M
5D47,T
5D4A,M
5D4B,M
5D4C,M
5D50,M
5D58,M
5D5B,M
5D5D,M
5D69,M
5D6B,M
5D6C,M
5D6F,M
5D74,M
5D81,M
5D82,M
5D84,M
5D87,M
5D97,M
5D99,M
5D9D,M
5DA0,M
5DA7,M
5DB4,T
5DB7,M
5DB8,M
5DBA,M
5DBC,M
5DBD,R
5DC5,M
5DCB,M
5DCD,M
5DD2,Y
5DD4,M
5DDB,V
5DDD,K
5DDE,Y
5DE1,V
5DE2,V
5DE5,A
5DE6,D
5DE7,A
5DE8,A
5DE9,A
5DEB,A
5DEE,U
5DEF,C
5DF0,C
5DF1,N
5DF2,N
5DF3,N
5DF4,C
5DF7,A
5DF9,B
5DFD,N
5DFE,M
5E01,T
5E02,Y
5E03,D
5E05,J
5E06,M
5E08,J
5E0C,Q
5E0F,M
5E10,M
5E11,V
5E14,M
5E15,M
5E16,M
5E18,P
5E19,M
5E1A,V
5E1B,R
5E1C,M
5E1D,U
5E25,J
5E26,G
5E27,M
5E2B,J
5E2D,Y
5E2E,D
5E31,M
5E33,M
5E36,G
5E37,M
5E38,I
5E3B,M
5E3C,M
5E3D,M
5E40,M
5E42,P
5E43,M
5E44,M
5E45,M
5E4C,M
5E54,M
5E55,A
5E57,M
5E58,M
5E5B,M
5E5E,M
5E5F,M
5E61,M
5E62,M
5E63,T
5E6B,D
5E6C,M
5E72,F
5E73,G
5E74,R
5E76,U
5E78,F
5E79,F
5E7A,X
5E7B,X
5E7C,X
5E7D,X
5E7E,M
5E7F,Y
5E80,Y
5E84,Y
5E86,Y
5E87,Y
5E8A,Y
5E8B,Y
5E8F,Y
5E90,Y
5E91,Y
5E93,Y
5E94,Y
5E95,Y
5E96,Y
5E97,Y
5E99,Y
5E9A,Y
5E9C,Y
5E9E,Y
5E9F,Y
5EA0,Y
5EA5,Y
5EA6,Y
5EA7,Y
5EAB,Y
5EAD,Y
5EB3,Y
5EB5,Y
5EB6,Y
5EB7,Y
5EB8,Y
5EB9,Y
5EBE,Y
5EC1,D
5EC2,D
5EC4,D
5EC8,D
5EC8,D
5EC9,Y
5ECA,Y
5ED1,Y
5ED2,Y
5ED3,Y
5ED6,Y
5EDA,D
5EDB,Y
5EDD,D
5EDF,Y
5EE0,D
5EE1,Y
5EE2,Y
5EE3,Y
5EE8,Y
5EE9,Y
5EEA,Y
5EEC,Y
5EF3,D
5EF6,T
5EF7,T
5EFA,V
5EFF,A
5F00,G
5F01,C
5F02,N
5F03,Y
5F04,G
5F08,Y
5F0A,U
5F0B,A
5F0F,A
5F11,Q
5F13,X
5F15,X
5F17,X
5F18,X
5F1B,X
5F1F,U
5F20,X
5F25,X
5F26,X
5F27,X
5F29,V
5F2A,X
5F2D,X
5F2F,Y
5F31,X
5F33,X
5F35,X
5F37,X
5F37,X
5F39,X
5F3A,X
5F3C,X
5F40,F
5F40,F
5F48,X
5F4C,X
5F4E,Y
5F52,J
5F53,I
5F55,V
5F56,X
5F57,D
5F58,X
5F59,I
5F5C,X
5F5D,X
5F62,G
5F64,M
5F65,U
5F66,U
5F69,E
5F6A,H
5F6C,S
5F6D,F
5F70,U
5F71,J
5F77,T
5F79,T
5F7B,T
5F7C,T
5F80,T
5F81,T
5F82,T
5F84,T
5F85,T
5F87,T
5F88,T
5F89,T
5F8A,T
5F8B,T
5F8C,T
5F8C,R
5F90,T
5F91,T
5F92,T
5F95,T
5F97,T
5F98,T
5F99,T
5F9C,T
5F9E,W
5FA0,T
5FA1,T
5FA8,T
5FAA,T
5FAD,T
5FAE,T
5FB5,T
5FB5,T
5FB7,T
5FB9,T
5FBC,T
5FBD,T
5FBD,T
5FC3,N
5FC5,N
5FC5,N
5FC6,N
5FC9,N
5FCC,N
5FCD,V
5FCF,N
5FD0,H
5FD1,G
5FD2,A
5FD6,N
5FD7,F
5FD8,Y
5FD9,N
5FDD,G
5FE0,K
5FE1,N
5FE4,N
5FE7,N
5FEA,N
5FEB,N
5FED,N
5FEE,N
5FF1,N
5FF5,W
5FF8,N
5FFB,N
5FFD,Q
5FFE,N
5FFF,W
6000,N
6001,D
6002,W
6003,N
6004,N
6005,N
6006,N
600A,N
600D,N
600E,T
600F,N
6012,V
6014,N
6015,N
6016,N
6019,N
601B,N
601C,N
601D,L
6020,C
6021,N
6025,Q
6026,N
6027,N
6028,Q
6029,N
602A,N
602B,N
602F,N
6035,N
603B,U
603C,C
603F,N
6041,W
6042,N
6043,N
604B,Y
604D,N
6050,A
6052,N
6055,V
6059,U
605A,F
605D,D
6062,N
6063,U
6064,N
6065,B
6067,D
6068,N
6069,L
606A,N
606B,N
606C,N
606D,A
606F,T
6070,N
6073,V
6076,G
6076,G
6078,N
6079,N
607A,N
607B,N
607C,N
607D,N
607F,C
6083,N
6084,N
6085,N
6089,T
608C,N
608D,N
6092,N
6094,N
6096,N
609A,N
609B,N
609D,N
609F,N
60A0,W
60A3,K
60A6,N
60A8,W
60AB,F
60AC,E
60AD,N
60AF,N
60B1,N
60B2,D
60B4,N
60B4,N
60B5,N
60B6,U
60B8,N
60BB,N
60BC,N
60C5,N
60C6,N
60CA,N
60CB,N
60D1,A
60D5,N
60D8,N
60DA,N
60DC,N
60DD,N
60DF,N
60E0,G
60E1,G
60E6,N
60E7,N
60E8,N
60E9,T
60EB,T
60EC,N
60ED,N
60EE,N
60EF,N
60F0,N
60F1,N
60F2,N
60F3,S
60F4,N
60F6,N
60F9,A
60FA,N
60FB,N
6100,N
6101,T
6106,T
6108,W
6109,N
610D,N
610E,N
610F,U
6115,N
611A,J
611B,E
611C,N
611F,D
6120,N
6123,N
6124,N
6126,N
6127,N
6128,F
612B,N
6134,N
6137,N
613E,N
613F,D
6148,U
614A,N
614B,D
614C,N
614D,N
614E,N
6151,N
6155,A
6158,N
615A,N
615D,A
615F,N
6162,N
6163,N
6167,D
6168,N
616A,N
616B,W
616E,H
6170,N
6173,N
6175,N
6176,Y
6177,N
6182,N
618A,T
618B,U
618E,N
6190,N
6191,W
6192,N
6194,N
619A,N
619D,Y
61A4,N
61A7,N
61A8,N
61A9,T
61AB,N
61AC,N
61AE,N
61B2,P
61B6,N
61B7,N
61BE,N
61C2,N
61C7,V
61C8,N
61C9,Y
61CA,N
61CB,S
61CC,N
61CD,N
61D1,I
61D2,N
61D4,N
61DF,C
61E3,I
61E6,N
61E8,N
61F2,T
61F5,N
61F6,N
61F7,N
61F8,E
61FA,N
61FC,N
61FE,N
61FF,F
6200,Y
6206,U
6206,U
6207,U
6207,U
6208,A
620A,D
620B,G
620C,D
620D,D
620E,A
620F,C
6210,D
6211,Q
6212,A
6214,G
6215,N
6216,A
6217,W
6218,H
621A,D
621B,D
621F,F
6221,A
6222,K
6224,E
6225,J
6227,W
6229,G
622A,F
622C,G
622E,N
6230,H
6232,C
6233,N
6234,F
6236,Y
6237,Y
623D,Y
623E,Y
623F,Y
6240,R
6241,Y
6243,Y
6247,Y
6248,Y
6249,Y
624B,R
624D,F
624E,R
6251,R
6252,R
6253,R
6254,R
6258,R
625B,R
6261,R
6263,R
6266,R
6267,R
6269,R
626A,R
626B,R
626C,R
626D,R
626E,R
626F,R
6270,R
6273,R
6276,R
6279,R
627C,R
627E,R
627F,B
6280,R
6284,R
6289,R
628A,R
6291,R
6292,R
6293,R
6295,R
6296,R
6297,R
6298,R
629A,R
629B,R
629F,R
62A0,R
62A1,R
62A2,R
62A4,R
62A5,R
62A8,R
62AB,R
62AC,R
62B1,R
62B5,R
62B9,R
62BB,R
62BC,R
62BD,R
62BF,R
62C2,R
62C4,R
62C5,R
62C6,R
62C7,R
62C8,R
62C9,R
62CA,R
62CC,R
62CC,R
62CD,R
62CE,R
62D0,R
62D2,R
62D3,R
62D4,R
62D6,R
62D7,R
62D8,R
62D9,R
62DA,R
62DB,R
62DC,R
62DF,R
62E2,R
62E3,R
62E5,R
62E6,R
62E7,R
62E8,R
62E9,R
62E9,R
62EC,R
62ED,R
62EE,R
62EF,R
62F1,R
62F3,U
62F4,R
62F6,R
62F7,R
62FC,R
62FD,R
62FE,R
62FF,W
6301,R
6302,R
6307,R
6308,D
6309,R
630E,R
6311,R
6316,R
631A,R
631B,Y
631D,R
631E,R
631F,R
6320,R
6321,R
6322,R
6323,R
6324,R
6325,R
6328,R
632A,R
632B,R
632F,R
6332,I
6339,R
633A,R
633D,R
633E,R
6342,R
6343,R
6345,R
6346,R
6349,R
634B,R
634C,R
634D,R
634E,R
634F,R
6350,R
6355,R
635E,R
635F,R
6361,R
6362,R
6363,R
6367,R
6369,R
636B,R
636D,R
636E,R
6371,R
6376,R
6377,R
637A,R
637B,R
6380,R
6382,R
6383,R
6384,R
6387,R
6388,R
6389,R
638A,R
638C,I
638E,R
638F,R
6390,R
6392,R
6396,R
6398,R
6399,R
63A0,R
63A2,R
63A3,R
63A5,R
63A7,R
63A8,R
63A9,R
63AA,R
63AC,R
63AD,R
63AE,R
63B0,R
63B3,R
63B4,R
63B7,R
63B8,R
63BA,R
63BC,R
63BE,R
63C0,R
63C4,R
63C6,R
63C9,R
63CD,R
63CE,R
63CF,R
63D0,R
63D2,R
63D6,R
63DA,R
63DB,R
63DE,R
63E0,R
63E1,R
63E3,R
63E9,R
63EA,R
63ED,R
63EE,R
63F2,R
63F4,R
63F6,R
63F8,R
63FD,R
63FF,R
6400,R
6401,R
6402,R
6405,R
640B,R
640C,R
640D,R
640F,R
6410,R
6413,R
6414,R
6416,R
6417,R
641B,R
641C,R
641E,R
6420,R
6421,R
6426,R
642A,R
642C,R
642D,R
6434,P
6436,R
643A,R
643D,R
643F,R
6441,R
6444,R
6445,R
6446,R
6447,R
6448,R
644A,R
6451,R
6452,R
6454,R
6458,R
645C,R
645E,R
645F,R
6463,R
6467,R
6469,Y
646D,R
646F,R
6473,R
6476,R
6478,R
6479,A
647A,R
647B,R
6482,R
6484,R
6485,R
6487,R
6488,R
6490,R
6491,R
6492,R
6493,R
6495,R
6496,R
6499,R
649A,R
649E,R
649F,R
64A3,R
64A4,R
64A5,R
64A9,R
64AB,R
64AC,R
64AD,R
64AE,R
64B0,R
64B2,R
64B3,R
64B5,R
64B7,R
64B8,R
64BA,R
64BB,R
64BC,R
64BE,R
64BF,R
64C0,R
64C1,R
64C2,R
64C4,R
64C5,R
64C7,R
64CA,F
64CB,R
64CD,R
64CE,A
64D0,R
64D2,R
64D4,R
64D7,R
64D8,N
64DA,R
64DE,R
64E0,R
64E1,R
64E2,R
64E4,R
64E6,R
64EC,R
64EF,R
64F0,R
64F1,R
64F2,R
64F4,R
64F7,R
64FA,R
64FB,R
64FC,R
64FE,R
6500,S
6504,R
6506,R
6509,R
650F,R
6512,R
6512,R
6514,R
6516,R
6518,R
6519,R
651B,R
651C,R
651D,R
6522,R
6522,R
6523,Y
6524,R
6525,R
652A,R
652B,R
652C,R
652E,R
652F,F
6534,H
6536,N
6538,W
6539,N
653B,A
653E,Y
653F,G
6545,D
6548,U
6549,O
654C,T
654F,T
6551,F
6555,G
6556,G
6557,M
6558,W
6559,F
655B,W
655D,U
655E,I
6562,N
6563,A
6566,Y
656B,R
656C,A
6570,O
6570,O
6572,Y
6574,G
6575,T
6577,G
6578,O
6578,O
6582,W
6583,X
6587,Y
658B,Y
658C,Y
6590,D
6591,G
6593,Y
6595,Y
6597,U
6599,O
659B,Q
659C,W
659F,A
65A1,F
65A4,R
65A5,R
65A7,W
65A9,L
65AB,D
65AC,L
65AD,O
65AF,A
65B0,U
65B7,O
65B9,Y
65BC,G
65BC,Y
65BD,Y
65C1,U
65C3,Y
65C4,Y
65C5,Y
65C6,Y
65CB,Y
65CC,Y
65CE,Y
65CF,Y
65D2,Y
65D6,Y
65D7,Y
65E0,F
65E2,V
65E5,J
65E6,J
65E7,H
65E8,X
65E9,J
65EC,Q
65ED,V
65EE,V
65EF,J
65F0,J
65F1,J
65F6,J
65F7,J
65FA,J
6600,J
6602,J
6603,J
6606,J
660A,J
660C,J
660E,J
660F,Q
6613,J
6614,A
6615,J
6619,J
661D,T
661F,J
6620,J
6625,D
6627,J
6628,J
662D,J
662F,J
6631,J
6634,J
6635,J
6636,Y
663C,N
663E,J
6641,J
6642,J
6643,J
6649,G
664B,G
664C,J
664F,J
6652,J
6653,J
6654,J
6655,J
6656,J
6657,J
665A,J
665D,N
665F,J
6661,J
6664,J
6666,J
6668,J
666E,U
666F,J
6670,J
6674,J
6676,J
6677,J
667A,T
667E,J
6682,L
6684,J
6687,J
6688,J
6689,J
668C,J
6691,J
6696,J
6697,J
669D,J
66A2,J
66A7,J
66A8,V
66AB,L
66AE,A
66B4,J
66B9,J
66BE,J
66C4,J
66C6,D
66C7,J
66C9,J
66D6,J
66D9,J
66DB,J
66DC,J
66DD,J
66E0,J
66E6,J
66E9,J
66EC,J
66F0,J
66F2,M
66F3,J
66F4,G
66F7,J
66F8,N
66F9,G
66FC,J
66FE,U
66FF,F
6700,J
6703,W
6708,E
6709,E
670A,E
670B,E
670D,E
6710,E
6714,U
6715,E
6717,Y
671B,Y
671D,F
671F,A
6726,E
6727,E
6728,S
672A,F
672B,G
672C,S
672D,S
672F,S
6731,R
6734,S
6735,M
673A,S
673D,S
6740,Q
6742,V
6743,S
6746,S
6748,S
6749,S
674C,S
674E,S
674F,S
6750,S
6751,S
6753,S
6756,S
675C,S
675E,S
675F,G
6760,S
6761,T
6765,G
6768,S
6769,S
676A,S
676D,S
676F,S
6770,S
6771,A
6772,J
6773,S
6775,S
6775,S
6777,S
677C,S
677E,S
677F,S
6781,S
6784,S
6787,S
6789,S
678B,S
6790,S
6795,S
6797,S
6798,S
679A,S
679C,J
679D,S
679E,S
67A2,S
67A3,G
67A5,S
67A7,S
67A8,S
67AA,S
67AB,S
67AD,Q
67AF,S
67B0,S
67B3,S
67B5,S
67B6,L
67B7,S
67B8,S
67C1,S
67C3,S
67C4,S
67CF,S
67D0,A
67D1,S
67D2,I
67D3,I
67D4,C
67D8,S
67D9,S
67DA,S
67DC,S
67DD,S
67DE,S
67E0,S
67E2,S
67E5,S
67E9,S
67EC,G
67EF,S
67F0,S
67F1,S
67F3,S
67F4,H
67F5,S
67FD,S
67FF,S
6800,S
6805,S
6807,S
6808,S
6809,S
680A,S
680B,S
680C,S
680E,S
680F,S
6811,S
6813,S
6816,S
6817,S
681D,S
6821,S
6829,S
682A,S
6832,S
6833,S
6837,S
6838,S
6839,S
683C,S
683D,F
683E,Y
6840,Q
6841,S
6842,S
6843,S
6844,S
6845,S
6846,S
6848,P
6849,S
684A,U
684C,H
684E,S
6850,S
6851,C
6853,S
6854,S
6855,S
6860,S
6861,S
6862,S
6863,S
6864,S
6865,S
6866,S
6867,S
6868,U
6869,S
686B,S
6874,S
6876,S
6877,S
6881,I
6883,S
6885,S
6886,S
688F,S
6893,S
6894,S
6897,S
6898,S
689D,T
689F,Q
68A2,S
68A6,S
68A7,S
68A8,T
68AD,S
68AF,S
68B0,S
68B3,S
68B5,S
68C0,S
68C2,S
68C4,Y
68C9,S
68CB,S
68CD,S
68D2,S
68D5,S
68D6,S
68D7,G
68D8,G
68DA,S
68DF,S
68E0,I
68E3,S
68E7,S
68EC,U
68EE,S
68F0,S
68F1,S
68F2,S
68F5,S
68F9,S
68FA,S
68FC,S
6901,S
6905,S
690B,S
690D,S
690E,S
690F,S
6910,S
6912,S
691F,S
6920,L
6924,S
692D,S
6930,S
6934,S
6939,S
693D,S
693F,S
6942,S
694A,S
6953,S
6954,S
6957,S
695A,S
695D,S
695E,S
6960,S
6963,S
6966,S
6968,S
696B,S
696D,O
696E,S
6971,S
6975,S
6977,S
6978,S
6979,S
697C,S
6980,S
6982,S
6984,S
6986,S
6987,S
6988,S
6989,S
698D,S
6994,S
6995,S
6998,T
699B,S
699C,S
69A7,S
69A8,S
69AA,S
69AB,S
69AD,S
69AE,A
69B1,S
69B4,S
69B7,S
69BB,S
69BF,S
69C1,A
69C1,S
69CA,U
69CB,S
69CC,S
69CD,S
69CE,S
69D0,S
69D4,S
69DB,S
69DF,S
69E0,S
69E7,L
69E8,S
69ED,S
69F2,S
69F3,U
69FD,S
69FF,S
6A01,S
6A02,Q
6A05,S
6A0A,S
6A13,S
6A17,S
6A18,S
6A19,S
6A1E,S
6A1F,S
6A21,S
6A23,S
6A28,S
6A2A,S
6A2F,S
6A31,S
6A35,S
6A38,S
6A39,S
6A3A,S
6A3D,S
6A3E,S
6A44,S
6A47,S
6A48,S
6A4B,S
6A50,G
6A58,S
6A59,S
6A5B,S
6A5F,S
6A61,S
6A62,S
6A65,Q
6A6B,S
6A70,S
6A71,S
6A79,S
6A7C,S
6A80,S
6A81,S
6A84,S
6A89,S
6A8E,S
6A8E,S
6A90,S
6A91,S
6A94,S
6A97,N
6A9C,S
6AA0,A
6AA2,S
6AA3,S
6AA9,S
6AAB,S
6AAC,S
6AB3,S
6AB3,S
6AB8,S
6ABB,S
6ABB,S
6ABE,A
6AC3,S
6AD3,S
6ADA,S
6ADB,S
6ADD,S
6ADE,S
6ADF,S
6AE5,S
6AE7,S
6AE8,S
6AEA,S
6AEB,Q
6AEC,S
6AF3,S
6AF8,S
6AFB,S
6B04,S
6B0A,S
6B0F,S
6B12,Y
6B16,S
6B1E,S
6B20,Q
6B21,U
6B22,C
6B23,R
6B24,G
6B27,A
6B32,W
6B37,Q
6B39,D
6B3A,A
6B3D,Q
6B3E,F
6B43,T
6B46,U
6B47,J
6B49,U
6B4C,S
6B4E,K
6B50,A
6B59,W
6B5F,G
6B61,C
6B62,H
6B63,G
6B64,H
6B65,H
6B66,G
6B67,H
6B6A,G
6B72,M
6B78,J
6B79,G
6B7B,G
6B7C,G
6B7F,G
6B81,G
6B82,G
6B83,G
6B84,G
6B84,G
6B86,G
6B87,G
6B89,G
6B8A,G
6B8B,G
6B8D,G
6B92,G
6B93,G
6B96,G
6B98,G
6B9A,G
6B9B,G
6B9E,G
6BA1,G
6BA4,G
6BAA,G
6BAB,G
6BAE,G
6BAF,G
6BB2,G
6BB3,M
6BB4,A
6BB5,W
6BB7,R
6BBA,Q
6BBC,F
6BBF,N
6BC0,V
6BC1,V
6BC2,F
6BC5,U
6BC6,A
6BCB,X
6BCD,X
6BCF,T
6BD2,G
6BD3,T
6BD4,X
6BD5,X
6BD6,X
6BD7,L
6BD9,X
6BDB,T
6BE1,T
6BEA,T
6BEB,Y
6BEF,T
6BF3,T
6BF5,C
6BF9,W
6BFD,T
6BFF,C
6C05,I
6C06,T
6C07,T
6C08,T
6C0C,T
6C0D,H
6C0F,Q
6C10,Q
6C11,N
6C13,Y
6C14,R
6C15,R
6C16,R
6C18,R
6C19,R
6C1A,R
6C1B,R
6C1F,R
6C21,R
6C22,R
6C23,R
6C24,R
6C26,R
6C27,R
6C28,R
6C29,R
6C2A,R
6C2B,R
6C2C,R
6C2E,R
6C2F,R
6C30,R
6C32,R
6C33,R
6C34,I
6C38,Y
6C39,I
6C3D,W
6C40,I
6C41,I
6C42,F
6C46,T
6C47,I
6C49,I
6C4A,I
6C50,I
6C54,I
6C55,I
6C57,I
6C57,I
6C59,I
6C5B,I
6C5C,I
6C5D,I
6C5E,A
6C5F,I
6C60,I
6C61,I
6C64,I
6C68,I
6C69,I
6C6A,I
6C70,I
6C72,I
6C74,I
6C76,I
6C79,I
6C7A,U
6C7D,I
6C7E,I
6C81,I
6C82,I
6C83,I
6C85,I
6C86,I
6C88,I
6C89,I
6C8C,I
6C8F,I
6C90,I
6C92,I
6C93,I
6C94,I
6C96,U
6C99,I
6C9B,I
6C9F,I
6CA1,I
6CA3,I
6CA4,I
6CA5,I
6CA6,I
6CA7,I
6CA9,I
6CAA,I
6CAB,I
6CAD,I
6CAE,I
6CB1,I
6CB2,I
6CB3,I
6CB8,I
6CB9,I
6CBB,I
6CBC,I
6CBD,I
6CBE,I
6CBF,I
6CC1,U
6CC4,I
6CC5,I
6CC9,R
6CCA,I
6CCC,I
6CD0,I
6CD3,I
6CD4,I
6CD5,I
6CD6,I
6CD7,I
6CDB,I
6CDE,I
6CE0,I
6CE1,I
6CE2,I
6CE3,I
6CE5,I
6CE8,I
6CEA,I
6CEB,I
6CEE,I
6CEF,I
6CF0,D
6CF1,I
6CF3,I
6CF5,D
6CF6,I
6CF7,I
6CF8,I
6CFA,I
6CFB,I
6CFC,I
6CFD,I
6CFE,I
6D01,I
6D04,I
6D07,I
6D0B,I
6D0C,I
6D0E,I
6D12,I
6D17,I
6D19,I
6D1A,I
6D1B,I
6D1E,I
6D25,I
6D27,I
6D2A,I
6D2B,I
6D2E,I
6D31,I
6D32,I
6D33,I
6D35,I
6D36,I
6D39,I
6D3B,I
6D3C,I
6D3D,I
6D3E,I
6D41,I
6D43,I
6D45,I
6D46,U
6D47,I
6D48,I
6D4A,I
6D4B,I
6D4D,I
6D4E,I
6D4F,I
6D51,I
6D52,I
6D53,I
6D54,I
6D59,I
6D5A,I
6D5C,I
6D5E,I
6D60,I
6D63,I
6D66,I
6D69,I
6D6A,I
6D6E,I
6D6F,I
6D74,I
6D77,I
6D78,I
6D79,I
6D7C,I
6D82,I
6D85,I
6D87,I
6D88,I
6D89,I
6D8C,I
6D8E,I
6D91,I
6D93,I
6D94,I
6D95,I
6D9B,I
6D9D,I
6D9E,I
6D9F,I
6DA0,I
6DA1,I
6DA3,I
6DA4,I
6DA6,I
6DA7,I
6DA8,I
6DA9,I
6DAA,I
6DAB,I
6DAE,I
6DAF,I
6DB2,I
6DB5,I
6DB8,I
6DBC,U
6DBF,I
6DC0,I
6DC4,I
6DC5,I
6DC6,I
6DC7,I
6DCB,I
6DCC,I
6DD1,I
6DD2,U
6DD6,I
6DD8,I
6DD9,I
6DDA,I
6DDD,I
6DDE,I
6DE0,I
6DE1,I
6DE4,I
6DE5,I
6DE6,I
6DE8,U
6DE9,U
6DEA,I
6DEB,I
6DEC,I
6DEE,I
6DF1,I
6DF3,I
6DF5,I
6DF6,I
6DF7,I
6DF9,I
6DFA,I
6DFB,I
6DFC,I
6E05,I
6E0A,I
6E0C,I
6E0D,I
6E0E,I
6E10,I
6E11,I
6E11,I
6E14,I
6E16,I
6E17,I
6E19,I
6E1A,I
6E1B,U
6E1D,I
6E20,I
6E21,I
6E23,I
6E24,I
6E25,I
6E26,I
6E29,I
6E2B,I
6E2C,I
6E2D,I
6E2F,I
6E32,I
6E32,I
6E34,I
6E38,I
6E3A,I
6E3E,I
6E43,I
6E44,I
6E4A,U
6E4D,I
6E4E,I
6E53,I
6E54,I
6E56,I
6E58,I
6E5B,I
6E5E,I
6E5F,I
6E63,N
6E67,I
6E6B,I
6E6E,I
6E6F,I
6E7E,I
6E7F,I
6E83,I
6E85,I
6E86,I
6E89,I
6E8F,I
6E90,I
6E98,I
6E9C,O
6E9C,I
6E9D,I
6E9F,I
6EA2,I
6EA5,I
6EA7,I
6EAA,I
6EAB,I
6EAF,I
6EB1,I
6EB2,I
6EB4,I
6EB6,I
6EB7,I
6EBA,I
6EBB,I
6EBD,I
6EC1,I
6EC2,I
6EC4,I
6EC5,G
6EC7,I
6ECB,I
6ECC,I
6ECE,A
6ECF,I
6ED1,I
6ED3,I
6ED4,I
6ED5,E
6ED7,I
6EDA,I
6EDE,I
6EDF,I
6EE0,I
6EE1,I
6EE2,I
6EE4,I
6EE5,I
6EE6,I
6EE8,I
6EE9,I
6EEC,I
6EEF,I
6EF2,I
6EF4,I
6EF8,I
6EF9,I
6EFE,I
6EFE,D
6EFF,I
6F01,I
6F02,I
6F06,I
6F09,I
6F0F,I
6F13,I
6F14,I
6F15,I
6F1A,I
6F20,I
6F22,I
6F23,I
6F24,I
6F29,I
6F2A,I
6F2B,I
6F2C,I
6F2D,I
6F2F,I
6F31,I
6F32,I
6F33,I
6F35,I
6F36,I
6F38,I
6F3E,I
6F3F,U
6F41,X
6F46,I
6F47,I
6F4B,I
6F4D,I
6F51,I
6F54,I
6F58,I
6F59,I
6F5B,I
6F5C,I
6F5E,I
6F62,I
6F64,I
6F66,I
6F6D,I
6F6E,I
6F6F,I
6F70,I
6F72,I
6F74,I
6F77,I
6F78,I
6F7A,I
6F7C,I
6F7F,I
6F80,I
6F84,I
6F86,I
6F87,I
6F88,I
6F89,I
6F8C,I
6F8D,I
6F8E,I
6F97,I
6F9C,I
6FA0,I
6FA0,I
6FA1,I
6FA4,I
6FA7,I
6FA9,I
6FAE,I
6FB1,I
6FB3,I
6FB6,I
6FB9,I
6FC0,I
6FC1,I
6FC2,I
6FC3,I
6FC9,I
6FD1,I
6FD2,I
6FD5,I
6FD8,I
6FDE,I
6FDF,I
6FE0,I
6FE1,I
6FE4,I
6FEB,I
6FEB,I
6FEE,I
6FEF,I
6FF0,I
6FF1,I
6FFA,I
6FFC,I
6FFE,I
7005,I
7006,I
7009,I
700B,I
700F,I
7011,I
7015,I
7018,I
701A,I
701B,I
701D,I
701F,I
7020,I
7023,I
7026,I
7027,I
7028,I
7032,I
7035,I
7039,I
703E,I
7043,I
7044,I
704C,I
704F,I
7051,I
7058,I
705D,I
705E,I
7063,I
7064,I
7069,I
706B,O
706D,G
706F,O
7070,D
7075,V
7076,O
7078,Q
707C,O
707D,P
707E,P
707F,O
7080,O
7085,J
7089,O
708A,O
708E,O
7092,O
7094,O
7095,O
7096,O
7099,Q
709C,O
709D,O
70AB,O
70AC,O
70AD,M
70AE,O
70AF,O
70B1,C
70B3,O
70B7,O
70B8,O
70B9,H
70BB,O
70BC,O
70BD,O
70C0,O
70C1,O
70C2,O
70C3,O
70C8,G
70CA,O
70CF,Q
70D8,O
70D9,O
70DB,O
70DF,O
70E4,O
70E6,O
70E7,O
70E8,O
70E9,O
70EB,I
70EC,O
70ED,R
70EF,O
70F4,O
70F7,O
70F9,Y
70FD,O
7109,G
710A,O
7110,O
7113,O
7115,O
7116,O
7118,D
7119,O
711A,S
7121,F
7126,W
712F,O
7130,O
7131,O
7136,Q
7145,O
7146,O
7149,O
714A,O
714C,O
714E,U
7152,O
7159,O
715C,O
715E,Q
7162,A
7164,O
7165,O
7166,J
7167,J
7168,O
7169,O
716C,O
716E,F
7172,W
7173,O
7178,O
717A,O
717D,O
7184,O
718A,C
718F,T
7192,A
7194,O
7197,O
7198,O
7199,A
719F,Y
71A0,O
71A8,N
71AC,G
71B1,R
71B3,O
71B5,O
71B9,F
71BE,O
71C1,O
71C3,O
71C8,O
71C9,O
71CE,O
71D2,O
71D4,O
71D5,A
71D9,I
71DC,O
71DF,A
71E0,O
71E5,O
71E6,O
71E7,O
71ED,O
71EE,O
71F4,O
71F9,E
71FC,O
71FE,D
7206,O
720D,O
7210,O
721B,O
721D,O
7228,W
722A,R
722C,R
722D,Q
7230,E
7231,E
7232,O
7235,E
7236,W
7237,W
7238,W
7239,W
723A,W
723B,Q
723D,D
723E,Q
723F,N
7246,F
7247,T
7248,T
724C,T
724D,T
7252,T
7256,T
7258,T
7259,A
725B,R
725D,T
725F,C
7261,T
7262,P
7266,T
7267,T
7269,T
726E,W
726F,T
7272,T
7275,D
7279,T
727A,T
727D,D
727E,T
727F,T
7280,N
7281,T
7284,T
728A,T
728B,T
728D,T
728F,T
7292,T
7296,A
729B,T
729F,X
72A2,T
72A7,T
72AC,D
72AF,Q
72B0,Q
72B4,Q
72B6,U
72B7,Q
72B8,Q
72B9,Q
72C0,U
72C1,Q
72C2,Q
72C3,Q
72C4,Q
72C8,Q
72CD,Q
72CE,Q
72D0,Q
72D2,Q
72D7,Q
72D9,Q
72DE,Q
72E0,Q
72E1,Q
72E8,Q
72E9,Q
72EC,Q
72ED,Q
72EE,Q
72EF,Q
72F0,Q
72F1,Q
72F2,Q
72F3,Q
72F4,Q
72F7,Q
72F8,Q
72F9,Q
72FA,Q
72FB,Q
72FC,Q
72FD,Q
7301,Q
7303,Q
730A,Q
730E,Q
7313,Q
7315,Q
7316,Q
7317,Q
7319,Q
731B,B
731B,Q
731C,Q
731D,Q
731E,Q
7321,Q
7322,Q
7325,Q
7329,Q
732A,Q
732B,Q
732C,Q
732E,F
7331,Q
7334,Q
7336,Q
7337,U
7338,Q
7339,Q
733B,Q
733E,Q
733F,Q
7341,Q
7344,Q
7345,Q
734D,Q
734E,U
7350,Q
7352,G
7357,Q
7360,Q
7368,Q
736A,Q
736B,Q
736C,Q
736D,Q
736F,Q
7370,Q
7372,A
7375,Q
7377,Q
7378,U
737A,Q
737B,F
737C,Q
737E,Q
7380,Q
7384,Y
7387,Y
7389,G
738B,G
738E,G
7391,G
7396,G
739B,G
739F,G
73A2,G
73A8,G
73A9,G
73AB,G
73AE,G
73AF,G
73B0,G
73B2,G
73B3,G
73B7,G
73BA,Q
73BB,G
73C0,G
73C2,G
73C8,G
73C9,G
73CA,G
73CD,G
73CF,G
73D0,G
73D1,G
73D9,G
73DE,G
73E0,G
73E5,G
73E7,G
73E9,G
73ED,G
73F2,G
73FE,G
7403,G
7405,G
7406,G
7409,G
740A,G
740F,G
7410,G
741A,G
741B,G
7422,G
7425,G
7426,G
7428,G
742A,G
742C,G
742E,G
7430,G
7433,G
7434,G
7435,G
7436,G
743A,G
743C,G
743F,G
7441,G
7449,G
744B,G
7455,G
7457,G
7459,G
745A,G
745B,G
745C,G
745E,G
745F,G
7463,G
7464,G
7469,A
746A,G
746D,G
7470,G
7476,G
7477,G
747E,G
7480,G
7481,G
7483,G
7487,G
7489,G
748B,G
748E,G
7490,G
749C,G
749E,G
74A3,G
74A6,G
74A7,N
74A8,G
74A9,G
74B0,G
74BA,W
74BD,Q
74BF,G
74CA,G
74CF,G
74D2,G
74D4,G
74DA,G
74DC,R
74DE,R
74E0,D
74E2,S
74E3,U
74E4,Y
74E6,G
74EE,W
74EF,A
74F4,W
74F6,U
74F7,U
74FF,U
7504,S
750C,A
750D,A
750F,F
7511,U
7513,N
7515,W
7518,A
7519,A
751A,A
751C,T
751F,T
7523,U
7525,T
7528,E
7529,E
752B,G
752C,C
752D,G
752F,P
7530,L
7531,M
7532,L
7533,J
7535,J
7537,L
7538,Q
753A,L
753B,G
753E,V
7540,L
7545,J
7548,L
754B,L
754C,L
754E,L
754F,L
7554,L
7559,Q
755A,C
755B,L
755C,Y
755D,Y
7562,X
7565,L
7566,L
756A,T
756B,G
7570,N
7572,W
7574,L
7576,I
7578,L
7579,L
757F,X
7583,L
7586,X
7587,L
758A,C
758B,N
758F,N
7591,X
7591,X
7594,U
7596,U
7597,U
7599,U
759A,U
759D,U
759F,U
75A0,U
75A1,U
75A3,U
75A4,U
75A5,U
75AB,U
75AC,U
75AE,U
75AF,U
75B0,U
75B1,U
75B2,U
75B3,U
75B4,U
75B5,U
75B8,U
75B9,U
75BC,U
75BD,U
75BE,U
75C2,U
75C3,U
75C4,U
75C5,U
75C7,U
75C8,U
75C9,U
75CA,U
75CD,U
75D2,U
75D4,U
75D5,U
75D6,U
75D8,U
75D9,U
75DB,U
75DE,U
75E2,U
75E3,U
75E4,U
75E6,U
75E7,U
75E8,U
75EA,U
75EB,U
75F0,U
75F1,U
75F4,U
75F9,U
75FC,U
75FF,U
7600,U
7600,U
7601,U
7602,U
7603,U
7605,U
760A,U
760B,U
760C,U
760D,U
7610,U
7613,U
7615,U
7617,U
7618,U
7619,U
761B,U
761E,U
761F,U
7620,U
7621,U
7622,U
7624,U
7625,U
7626,U
7627,U
7627,U
7629,U
762A,U
762B,U
762D,U
7630,U
7633,U
7634,U
7635,U
7638,U
763B,U
763C,U
763E,U
763F,U
7640,U
7642,U
7643,U
7646,U
7647,U
7649,U
764C,U
764D,U
7654,U
7656,U
7658,U
765C,U
765E,U
765F,U
7661,U
7662,U
7663,U
7664,U
7667,U
7669,U
766B,U
766C,U
766D,U
766E,U
766F,U
7670,U
7671,U
7672,U
7678,W
767B,W
767C,V
767D,R
767E,D
7682,R
7684,R
7686,X
7687,R
7688,R
768B,R
768E,R
7691,R
7693,R
7696,R
7699,S
769A,R
76A4,R
76A4,R
76AE,H
76B0,U
76B1,Q
76B2,P
76B4,C
76B8,P
76BA,Q
76BF,L
76C2,G
76C5,K
76C6,W
76C8,E
76CA,U
76CD,F
76CE,M
76CF,G
76D0,F
76D1,J
76D2,W
76D4,D
76D6,U
76D7,U
76D8,T
76DB,D
76DC,U
76DE,G
76DF,J
76E1,N
76E3,J
76E4,T
76E5,Q
76E7,H
76EE,H
76EF,H
76F1,H
76F2,Y
76F4,F
76F8,S
76F9,H
76FC,H
76FE,R
7701,I
7704,H
7707,H
7708,H
7709,N
770B,R
770D,H
7719,H
771A,T
771F,F
7720,H
7722,Q
7725,H
7726,H
7728,H
7729,H
772D,H
772F,H
7735,H
7736,H
7737,U
7738,H
773A,H
773C,H
7740,U
7741,H
7743,H
7747,H
7750,H
7751,H
775A,H
775B,H
775C,H
775E,H
7761,H
7762,H
7763,H
7765,H
7766,H
7768,H
776B,H
776C,H
7779,H
777D,H
777E,T
777F,H
7780,C
7784,H
7785,H
778C,H
778D,H
778E,H
7791,H
7792,H
7798,H
779E,H
779F,H
77A0,H
77A2,A
77A5,U
77A5,U
77A7,H
77A9,H
77AA,H
77AC,H
77B0,H
77B3,H
77B5,H
77BB,H
77BC,H
77BD,F
77BF,H
77CD,H
77D7,F
77DA,H
77DB,C
77DC,C
77E2,T
77E3,C
77E5,T
77E7,T
77E9,T
77EB,T
77EC,T
77ED,T
77EE,T
77EF,T
77F3,D
77F6,D
77F8,D
77FD,D
77FE,D
77FF,D
7800,D
7801,D
7802,D
7809,D
780C,D
780D,D
7811,D
7812,D
7814,D
7816,D
7817,D
7818,D
781A,D
781C,D
781D,D
781F,D
7823,D
7825,D
7826,H
7827,D
7829,D
782C,D
782D,D
7830,D
7834,D
7837,D
7838,D
7839,D
783A,D
783B,D
783C,D
783E,D
7840,D
7845,D
7847,D
784C,D
784E,D
7850,D
7852,D
7855,D
7856,D
7857,D
785D,D
7864,D
7868,D
786A,D
786B,D
786C,D
786D,D
786E,D
786F,D
7877,D
787C,D
7887,D
7889,D
788C,D
788D,D
788E,D
7891,D
7893,D
7897,D
7898,D
789A,D
789B,D
789C,D
789F,D
78A1,D
78A3,D
78A5,D
78A7,G
78A9,D
78AD,D
78B0,D
78B1,D
78B2,D
78B3,D
78B4,D
78B8,D
78B9,D
78BA,D
78BC,D
78BE,D
78C1,D
78C5,D
78C9,D
78CA,D
78CB,D
78D0,T
78D4,D
78D5,D
78D9,D
78DA,D
78E3,D
78E7,D
78E8,Y
78EC,F
78EF,D
78F2,D
78F4,D
78F7,D
78FA,D
78FD,D
7901,D
7905,D
790E,D
7913,D
7919,D
791E,D
7924,D
7926,D
792A,D
792B,D
792C,D
7931,D
7934,D
793A,F
793C,P
793E,P
7940,P
7941,P
7946,P
7948,P
7949,P
7953,P
7956,P
7957,P
795A,P
795B,P
795C,P
795D,P
795E,P
795F,B
7960,P
7962,P
7962,P
7965,P
7967,P
7968,S
796D,W
796F,P
7977,P
7978,P
797A,P
797F,P
7980,Y
7981,S
7984,P
7985,P
798A,P
798D,P
798E,P
798F,P
799A,P
79A6,T
79A7,P
79AA,P
79AE,P
79B0,P
79B0,P
79B1,P
79B3,P
79B9,T
79BA,J
79BB,Y
79BD,W
79BE,T
79BF,T
79C0,T
79C1,T
79C3,T
79C6,T
79C8,O
79C9,T
79CB,T
79CD,T
79D1,T
79D2,T
79D5,T
79D8,T
79DF,T
79E3,T
79E4,T
79E6,D
79E7,T
79E9,T
79EB,T
79ED,T
79ED,T
79EF,T
79F0,T
79F8,T
79FB,T
79FD,T
7A00,T
7A02,T
7A03,T
7A05,T
7A06,T
7A08,T
7A0B,T
7A0D,T
7A0E,T
7A14,T
7A17,T
7A1A,T
7A1E,T
7A1F,Y
7A20,T
7A23,Q
7A2D,T
7A2E,T
7A31,T
7A33,T
7A37,T
7A39,T
7A3B,T
7A3C,T
7A3D,T
7A3F,T
7A40,W
7A46,T
7A4C,Q
7A4D,T
7A4E,X
7A51,T
7A57,T
7A61,T
7A62,T
7A69,T
7A6D,T
7A70,T
7A74,P
7A76,P
7A77,P
7A78,P
7A79,P
7A7A,P
7A7F,P
7A80,P
7A81,P
7A83,P
7A84,P
7A86,P
7A88,P
7A8D,P
7A91,P
7A92,P
7A95,P
7A96,P
7A97,P
7A98,P
7A9C,P
7A9D,P
7A9F,P
7AA0,P
7AA5,P
7AA6,P
7AA8,P
7AA9,P
7AAA,I
7AAC,P
7AAD,P
7AAE,P
7AAF,P
7AB3,P
7AB6,P
7ABA,P
7ABF,P
7AC4,P
7AC5,P
7AC7,P
7AC8,O
7ACA,P
7ACB,U
7AD6,J
7AD9,U
7ADE,U
7ADF,U
7AE0,U
7AE3,U
7AE5,U
7AE6,U
7AED,U
7AEF,U
7AF6,U
7AF9,T
7AFA,T
7AFD,T
7AFF,T
7B03,T
7B04,T
7B06,T
7B08,T
7B0A,T
7B0B,T
7B0F,T
7B11,T
7B14,T
7B15,T
7B19,T
7B1B,T
7B1E,T
7B20,T
7B24,T
7B25,T
7B26,T
7B28,T
7B2A,T
7B2B,T
7B2C,T
7B2E,T
7B31,T
7B33,T
7B38,T
7B3A,T
7B3C,T
7B3E,T
7B45,T
7B46,T
7B47,T
7B49,T
7B4B,T
7B4C,T
7B4D,T
7B4F,T
7B50,T
7B51,T
7B52,T
7B54,T
7B56,T
7B58,T
7B5A,T
7B5B,T
7B5D,T
7B60,T
7B62,T
7B67,T
7B6E,T
7B71,T
7B72,T
7B75,T
7B77,T
7B79,T
7B7B,T
7B7E,T
7B80,T
7B85,T
7B8B,T
7B8D,T
7B8F,T
7B90,T
7B94,T
7B95,T
7B97,T
7B9C,T
7B9D,T
7BA1,T
7BA2,T
7BA6,T
7BA7,T
7BA8,T
7BA9,T
7BAA,T
7BAB,T
7BAC,T
7BAD,T
7BB1,T
7BB4,T
7BB8,T
7BC0,A
7BC1,T
7BC4,A
7BC6,T
7BC7,T
7BC9,T
7BCB,T
7BCC,T
7BD1,T
7BD3,T
7BD9,T
7BDA,T
7BDD,T
7BE1,T
7BE4,T
7BE5,T
7BE6,T
7BE9,T
7BEA,T
7BEE,T
7BF1,T
7BF3,T
7BF7,T
7BFC,T
7BFE,T
7C00,T
7C07,T
7C0B,T
7C0C,T
7C0D,T
7C0F,T
7C16,T
7C1E,T
7C1F,T
7C21,T
7C23,T
7C26,T
7C27,T
7C2A,T
7C2B,T
7C37,S
7C38,T
7C3D,T
7C3E,P
7C3F,T
7C40,T
7C41,T
7C43,T
7C4C,T
7C4D,T
7C5C,T
7C5F,T
7C60,T
7C69,T
7C6A,T
7C6C,T
7C6E,T
7C72,K
7C72,K
7C73,O
7C74,T
7C7B,O
7C7C,O
7C7D,O
7C89,O
7C91,O
7C92,O
7C95,O
7C97,O
7C98,O
7C9C,B
7C9D,O
7C9E,O
7C9F,S
7CA2,U
7CA4,T
7CA5,X
7CAA,O
7CAE,O
7CB1,I
7CB2,H
7CB3,O
7CB5,T
7CB9,O
7CBC,O
7CBD,O
7CBE,O
7CC1,O
7CC5,O
7CC7,O
7CC8,O
7CCA,O
7CCC,O
7CCD,O
7CD5,O
7CD6,O
7CD6,O
7CD7,O
7CD9,O
7CDC,Y
7CDD,O
7CDE,O
7CDF,O
7CE0,O
7CE7,O
7CE8,O
7CEF,O
7CF2,O
7CF4,T
7CF6,B
7CF8,X
7CFB,T
7CFE,X
7D00,X
7D02,X
7D04,X
7D04,X
7D05,X
7D06,X
7D07,X
7D07,X
7D08,X
7D09,X
7D0A,Y
7D0B,X
7D0D,X
7D10,X
7D13,X
7D14,X
7D15,X
7D17,X
7D19,X
7D1A,X
7D1B,X
7D1C,X
7D20,G
7D21,X
7D22,F
7D27,J
7D2B,H
7D2E,R
7D2F,L
7D30,X
7D31,X
7D33,X
7D39,X
7D3A,X
7D3C,X
7D3F,X
7D40,X
7D42,X
7D44,X
7D46,X
7D4E,X
7D4F,X
7D50,X
7D55,X
7D5D,X
7D5E,X
7D61,X
7D61,X
7D62,X
7D66,X
7D68,X
7D6E,V
7D71,X
7D72,X
7D73,X
7D77,R
7D79,X
7D81,X
7D83,X
7D86,X
7D88,X
7D8F,X
7D93,X
7D9C,X
7D9E,X
7DA0,X
7DA0,X
7DA2,X
7DA3,X
7DA6,A
7DAC,X
7DAD,X
7DAE,Y
7DB0,X
7DB1,X
7DB2,M
7DB4,X
7DB8,X
7DB8,X
7DB9,X
7DBA,X
7DBB,X
7DBD,X
7DBE,X
7DBF,X
7DC4,X
7DC7,X
7DCA,J
7DCB,X
7DD2,X
7DD4,X
7DD7,X
7DD8,X
7DD9,X
7DDA,X
7DDD,X
7DDE,X
7DE0,X
7DE1,X
7DE3,X
7DE6,X
7DE8,X
7DE9,X
7DEC,X
7DEF,X
7DF1,X
7DF2,X
7DF4,X
7DF6,X
7DF9,X
7E08,A
7E09,X
7E0A,X
7E0B,X
7E10,X
7E11,X
7E1B,X
7E1D,X
7E1E,X
7E1F,X
7E23,E
7E27,X
7E2B,X
7E2D,X
7E2E,X
7E2E,X
7E31,X
7E32,X
7E35,X
7E36,R
7E37,X
7E39,X
7E3B,Y
7E3D,U
7E3E,X
7E41,T
7E43,X
7E45,X
7E46,X
7E47,E
7E48,P
7E52,X
7E54,X
7E55,X
7E5A,X
7E5E,X
7E61,X
7E62,X
7E69,X
7E6A,X
7E6D,A
7E6E,X
7E6F,X
7E70,X
7E73,X
7E79,X
7E7C,X
7E7D,X
7E7E,X
7E82,T
7E88,X
7E8A,X
7E8C,X
7E8F,X
7E93,X
7E96,X
7E98,X
7E9B,G
7E9C,X
7EA0,X
7EA1,X
7EA2,X
7EA3,X
7EA4,X
7EA5,X
7EA5,X
7EA6,X
7EA6,X
7EA7,X
7EA8,X
7EA9,X
7EAA,X
7EAB,X
7EAC,X
7EAD,X
7EAF,X
7EB0,X
7EB1,X
7EB2,X
7EB3,X
7EB5,X
7EB6,X
7EB6,X
7EB7,X
7EB8,X
7EB9,X
7EBA,X
7EBD,X
7EBE,X
7EBF,X
7EC0,X
7EC1,X
7EC2,X
7EC3,X
7EC4,X
7EC5,X
7EC6,X
7EC7,X
7EC8,X
7EC9,X
7ECA,X
7ECB,X
7ECC,X
7ECD,X
7ECE,X
7ECF,X
7ED0,X
7ED1,X
7ED2,X
7ED3,X
7ED4,X
7ED5,X
7ED7,X
7ED8,X
7ED9,X
7EDA,X
7EDB,X
7EDC,X
7EDC,X
7EDD,X
7EDE,X
7EDF,X
7EE0,X
7EE1,X
7EE2,X
7EE3,X
7EE5,X
7EE6,X
7EE7,X
7EE8,X
7EE9,X
7EEA,X
7EEB,X
7EED,X
7EEE,X
7EEF,X
7EF0,X
7EF1,X
7EF2,X
7EF3,X
7EF4,X
7EF5,X
7EF6,X
7EF7,X
7EF8,X
7EFA,X
7EFB,X
7EFC,X
7EFD,X
7EFE,X
7EFF,X
7F00,X
7F01,X
7F02,X
7F03,X
7F04,X
7F05,X
7F06,X
7F07,X
7F08,X
7F09,X
7F0B,X
7F0C,X
7F0D,X
7F0E,X
7F0F,X
7F11,X
7F12,X
7F13,X
7F14,X
7F15,X
7F16,X
7F17,X
7F18,X
7F19,X
7F1A,X
7F1B,X
7F1C,X
7F1D,X
7F1F,X
7F20,X
7F21,X
7F22,X
7F23,X
7F24,X
7F25,X
7F26,X
7F27,X
7F28,X
7F29,X
7F29,X
7F2A,X
7F2B,X
7F2C,X
7F2D,X
7F2E,X
7F2F,X
7F30,X
7F31,X
7F32,X
7F33,X
7F34,X
7F35,X
7F36,R
7F38,R
7F3A,R
7F3D,Q
7F42,M
7F44,F
7F45,R
7F4C,M
7F50,R
7F51,M
7F54,M
7F55,P
7F57,L
7F58,L
7F5A,L
7F5F,L
7F61,L
7F62,L
7F68,L
7F69,L
7F6A,L
7F6E,L
7F70,L
7F71,L
7F72,L
7F74,L
7F75,K
7F77,L
7F79,L
7F7E,L
7F81,L
7F85,L
7F86,L
7F88,L
7F8A,U
7F8B,G
7F8C,U
7F8E,U
7F94,U
7F9A,U
7F9D,U
7F9E,U
7F9F,U
7FA1,U
7FA4,V
7FA5,U
7FA7,U
7FA8,U
7FA9,Y
7FAF,U
7FAF,U
7FB0,U
7FB2,U
7FB8,Y
7FB8,Y
7FB9,U
7FBC,N
7FBD,N
7FBF,N
7FC1,W
7FC5,F
7FCA,U
7FCC,N
7FCE,W
7FD2,N
7FD4,U
7FD5,W
7FD8,A
7FDF,N
7FE0,N
7FE1,D
7FE5,F
7FE6,U
7FE9,Y
7FEE,G
7FF0,F
7FF1,R
7FF3,A
7FF9,A
7FFA,R
7FFB,T
7FFC,N
8000,I
8001,F
8003,F
8004,F
8005,F
8006,F
800B,F
800C,D
800D,D
8010,D
8012,D
8014,D
8015,D
8016,D
8017,D
8018,D
8019,D
801C,D
8020,D
8022,D
8025,D
8026,D
8027,D
8028,D
8029,D
802A,D
802C,D
802E,D
8031,D
8033,B
8035,B
8036,B
8037,D
8038,W
803B,B
803D,B
803F,B
8042,B
8043,B
8046,B
804A,B
804B,D
804C,B
804D,B
8052,B
8054,B
8056,C
8058,B
805A,B
805E,U
8069,B
806A,B
806F,B
8070,B
8071,G
8072,F
8073,W
8075,B
8076,B
8077,B
8079,B
807D,K
807E,D
807F,V
8083,V
8084,X
8085,V
8086,D
8087,Y
8089,M
808B,E
808C,E
8093,Y
8096,I
8098,E
809A,E
809B,E
809C,E
809D,E
809F,E
80A0,E
80A1,E
80A2,E
80A4,E
80A5,E
80A9,Y
80AA,E
80AB,E
80AD,E
80AE,E
80AF,H
80B1,E
80B2,Y
80B4,Q
80B7,E
80BA,E
80BC,E
80BD,E
80BE,J
80BF,E
80C0,E
80C1,E
80C2,E
80C3,L
80C4,M
80C6,E
80CC,U
80CD,E
80CE,E
80D6,E
80D7,E
80D9,E
80DA,E
80DB,E
80DC,E
80DD,E
80DE,E
80E1,D
80E4,T
80E5,N
80E7,E
80E8,E
80E9,E
80EA,E
80EB,E
80EC,V
80ED,E
80EF,E
80F0,E
80F1,E
80F2,E
80F3,E
80F4,E
80F6,E
80F8,E
80FA,E
80FC,E
80FD,C
8102,E
8105,E
8106,E
8108,E
8109,E
810A,I
810A,M
810D,E
810E,E
810F,E
8110,E
8111,E
8112,E
8113,E
8114,Y
8116,E
8118,E
811A,E
811A,E
811B,E
811E,E
812B,E
812C,E
812F,E
8131,E
8132,E
8136,E
8138,E
8139,E
813E,E
8146,E
8148,E
814A,E
814B,E
814C,E
814E,J
8150,Y
8151,E
8153,E
8154,E
8155,E
8156,E
8159,E
815A,E
8160,E
8161,E
8165,E
8166,E
8167,E
8169,E
816B,E
816D,E
816E,E
8170,E
8171,E
8173,E
8173,E
8174,E
8178,E
8179,E
817A,E
817B,E
817C,E
817D,E
817E,E
817F,E
8180,E
8181,E
8182,Y
8183,E
8188,E
818A,E
818F,Y
8191,E
8198,E
819A,E
819B,E
819C,E
819D,E
81A0,E
81A3,E
81A6,E
81A8,E
81A9,E
81AA,E
81B3,E
81BA,Y
81BB,E
81BD,E
81BE,E
81BF,E
81C0,N
81C1,E
81C2,N
81C3,E
81C6,E
81C9,E
81CA,E
81CC,E
81CD,E
81CF,E
81D2,U
81D8,E
81DA,E
81E0,Y
81E3,A
81E5,A
81E7,D
81E8,J
81EA,T
81EC,T
81ED,T
81EF,R
81F3,G
81F4,G
81FB,G
81FB,G
81FC,V
81FE,V
8200,E
8201,V
8202,D
8204,V
8205,V
8206,W
8207,G
8208,I
8209,I
820A,H
820C,T
820D,W
8210,T
8212,W
8214,T
821B,Q
821C,E
821E,R
821F,T
8221,T
8222,T
8223,T
8228,T
822A,T
822B,T
822C,T
822D,T
822F,T
8230,T
8231,T
8233,T
8234,T
8235,T
8236,T
8237,T
8238,T
8239,T
823B,T
823E,T
8244,T
8247,T
8249,T
824B,T
824F,T
8258,T
8259,T
825A,T
825F,T
8264,T
8266,T
8268,T
826B,T
826E,V
826F,Y
8270,C
8271,C
8272,Q
8273,D
8274,X
827A,A
827D,A
827E,A
827F,A
8282,A
8284,A
8288,G
828A,A
828B,A
828D,A
828E,A
828F,A
8291,A
8291,A
8292,A
8297,A
8298,A
8299,A
829C,A
829D,A
829F,A
82A1,A
82A4,A
82A5,A
82A6,A
82A8,A
82A9,A
82AA,A
82AB,A
82AC,A
82AD,A
82AE,A
82AF,A
82B0,A
82B1,A
82B3,A
82B4,A
82B7,A
82B7,A
82B8,A
82B9,A
82BB,Q
82BD,A
82BE,A
82C1,A
82C4,A
82C7,A
82C8,A
82CA,A
82CB,A
82CC,A
82CD,A
82CE,A
82CF,A
82D1,A
82D2,A
82D3,A
82D4,A
82D5,A
82D7,A
82D8,A
82DB,A
82DC,A
82DC,A
82DE,A
82DF,A
82DF,A
82E0,A
82E1,A
82E3,A
82E4,A
82E5,A
82E6,A
82E7,A
82EB,A
82EF,A
82F1,A
82F4,A
82F7,A
82F9,A
82FB,A
8301,A
8302,A
8303,A
8304,A
8305,A
8306,A
8307,A
8308,A
8309,A
830C,A
830E,A
830F,A
8311,A
8314,A
8315,A
8317,A
831A,A
831B,A
831C,A
8327,A
8328,A
832B,A
832C,A
832D,A
832F,A
8331,A
8332,U
8333,A
8334,A
8335,A
8336,A
8338,A
8339,A
833A,A
833C,A
8340,A
8343,A
8346,A
8347,A
8349,A
834A,A
834F,A
8350,A
8351,A
8352,A
8354,A
835A,A
835B,A
835C,A
835E,A
835F,A
8360,A
8361,A
8363,A
8364,A
8365,A
8366,A
8367,A
8368,A
8369,A
836A,A
836B,A
836C,A
836D,A
836E,A
836F,A
8377,A
8378,A
837B,A
837C,A
837D,A
8385,A
8386,A
8389,A
838A,Y
838E,A
8392,A
8393,A
8396,A
8398,A
839B,A
839C,A
839E,A
83A0,A
83A2,A
83A7,A
83A8,A
83A9,A
83AA,A
83AB,A
83B0,A
83B1,A
83B2,A
83B3,A
83B4,A
83B6,A
83B7,A
83B8,A
83B9,A
83BA,A
83BC,A
83BD,A
83C0,A
83C1,A
83C5,A
83C7,A
83CA,A
83CC,A
83CF,A
83D4,A
83D6,A
83D8,A
83DC,A
83DD,A
83DF,A
83E0,A
83E1,A
83E5,A
83E9,A
83EA,A
83EF,W
83F0,A
83F1,A
83F2,A
83F8,A
83F9,A
83FD,A
8401,A
8403,A
8404,A
8406,A
8407,A
840A,A
840B,A
840C,A
840D,A
840E,A
840F,A
8411,A
8418,A
841C,A
841D,A
8424,A
8425,A
8426,A
8427,A
8428,A
842C,D
8431,A
8435,A
8438,A
843C,A
843D,A
8446,A
8449,K
8451,A
8451,A
8452,A
8457,U
8457,A
8459,A
845A,A
845B,A
845C,A
8461,A
8463,A
8464,A
8466,A
8469,A
846B,A
846C,A
846D,A
8471,A
8473,A
8475,A
8476,A
8477,A
8478,A
847A,A
8482,A
8487,A
8488,A
8489,A
848B,A
848C,A
848E,A
8494,A
8497,A
8499,A
849C,A
849E,A
84A1,A
84AF,A
84B2,A
84B4,A
84B8,A
84B9,A
84BA,A
84BC,A
84BD,A
84BF,A
84C0,A
84C1,A
84C4,A
84C9,A
84CA,A
84CB,U
84CD,A
84D0,A
84D1,A
84D3,A
84D6,A
84DD,A
84DF,A
84E0,A
84E3,A
84E5,A
84E6,A
84E7,A
84EC,A
84EE,A
84EF,A
84F0,A
84F4,A
84FC,A
84FD,A
84FF,A
850C,A
8511,A
8513,A
8514,H
8517,A
851A,A
851E,A
851F,A
8521,A
8523,A
8525,A
8526,A
852B,A
852C,A
852D,A
8537,A
8538,A
8539,A
853A,A
853B,A
853C,A
853D,A
8541,A
8543,A
8546,A
8548,A
8549,A
854A,A
854E,A
8552,A
8555,A
8556,A
8558,A
8559,A
855E,A
8562,A
8564,A
8568,A
8569,A
856A,A
856D,A
8572,A
8574,A
8577,A
8579,A
857A,A
857B,A
857E,A
8584,A
8585,A
8587,A
8588,A
858A,A
858C,A
858F,A
8591,U
8594,A
859B,A
859B,A
859C,A
859F,A
85A4,A
85A6,A
85A8,A
85A9,A
85AA,A
85AE,A
85AF,A
85B0,A
85B7,A
85B9,A
85BA,A
85BA,A
85C1,A
85C9,A
85CD,A
85CE,A
85CF,A
85D0,A
85D3,A
85D5,A
85DC,A
85DD,A
85E4,A
85E5,A
85E9,A
85EA,A
85F6,A
85F9,A
85FA,A
85FB,A
85FF,A
8604,A
8605,A
8606,A
8607,A
860A,A
860B,A
8611,A
8616,A
861A,A
861E,A
8622,A
8627,A
8629,A
862D,U
8638,A
863A,A
863C,A
863F,A
864E,H
864F,H
8650,H
8651,H
8654,H
8655,T
865A,H
865B,H
865C,H
865E,H
865F,K
8662,E
8667,F
866B,J
866C,J
866E,J
866F,J
8671,N
8679,J
867A,G
867B,J
867C,J
867D,K
867E,J
867F,D
8680,Q
8681,J
8682,J
868A,J
868B,J
868C,J
868D,J
8693,J
8695,G
869C,J
869D,J
86A3,J
86A4,C
86A7,J
86A8,J
86A9,B
86AA,J
86AC,J
86AF,J
86B0,J
86B1,J
86B4,J
86B5,J
86B6,J
86BA,J
86C0,J
86C4,J
86C6,J
86C7,J
86C9,J
86CA,J
86CB,N
86CE,J
86CF,J
86D0,J
86D1,J
86D4,J
86D8,J
86D9,J
86DB,J
86DE,J
86DF,J
86E4,J
86E9,A
86ED,J
86EE,Y
86F0,R
86F1,J
86F2,J
86F3,J
86F4,J
86F8,J
86F9,J
86FA,J
86FB,J
86FE,J
8700,L
8702,J
8703,D
8706,J
8707,R
8708,J
8709,J
870A,J
870D,J
8712,J
8713,J
8715,J
8717,J
8718,J
871A,D
871C,P
871E,J
8721,J
8722,J
8723,J
8725,J
8729,J
872E,J
8731,J
8734,J
8737,J
873B,J
873E,J
873F,J
8747,J
8748,J
8749,J
874C,J
874E,J
8753,J
8755,Q
8757,J
8759,J
875F,Q
8760,J
8763,J
8764,J
8765,C
8766,J
876E,J
8770,J
8774,J
8776,J
8778,J
877B,J
877C,J
877D,J
877E,J
8782,J
8783,J
8784,J
8785,J
8788,J
878B,J
878D,G
8793,J
8797,J
879E,J
879F,J
87A2,A
87A8,J
87AB,F
87AC,J
87AD,J
87AF,G
87B3,J
87B5,J
87BA,J
87BB,J
87BD,T
87C0,J
87C4,R
87C6,J
87C8,J
87CA,C
87CA,C
87CB,J
87CE,J
87D1,J
87D2,J
87D3,J
87DB,J
87E0,J
87E3,J
87E5,J
87EA,J
87EC,J
87EE,J
87EF,J
87F2,J
87F6,J
87F9,Q
87FB,J
87FE,J
8803,Y
8803,Y
8805,J
8806,D
880A,J
880D,J
8810,J
8811,J
8813,J
8814,J
8815,J
8816,J
881B,J
881F,J
8821,X
8822,D
8823,J
8831,J
8832,U
8836,G
8839,G
883B,Y
883C,J
8840,T
8844,T
8845,T
8846,W
884C,T
884D,T
8853,S
8854,T
8857,T
8859,T
885B,B
8861,T
8862,T
8863,Y
8865,P
8868,G
8869,P
886B,P
886C,P
886E,U
8870,Y
8872,P
8877,Y
887D,P
887E,W
887F,P
8881,F
8882,P
8884,P
8885,Q
8888,L
888B,W
888D,P
8892,P
8896,P
889C,P
889E,U
88A2,P
88A4,Y
88AB,P
88AD,D
88B1,P
88B7,P
88BC,P
88C1,F
88C2,G
88C5,U
88C6,P
88C9,P
88CE,P
88CF,J
88D2,Y
88D4,Y
88D5,P
88D8,F
88D9,P
88DC,P
88DD,U
88DF,I
88E2,P
88E3,P
88E4,P
88E5,P
88E8,P
88F0,P
88F1,P
88F3,I
88F4,D
88F8,P
88F9,Y
88FC,P
88FE,P
8902,P
8907,T
890A,P
8910,P
8912,Y
8913,P
8919,P
891A,P
891A,P
891B,P
8921,P
8925,P
892A,P
892B,P
8930,P
8932,P
8933,P
8934,P
8936,P
8938,P
893B,Y
8941,P
8944,Y
8946,M
8947,P
8956,P
895D,P
895E,N
895F,P
8960,P
8964,P
8966,P
8966,P
896A,P
896F,P
8972,D
897B,P
897F,S
8981,S
8983,S
8986,S
898B,M
898F,F
8993,E
8996,P
8998,H
89A1,A
89A6,W
89AA,U
89AC,M
89AF,F
89B0,H
89B2,A
89BA,I
89BA,I
89BD,J
89BF,F
89C0,C
89C1,M
89C2,C
89C4,F
89C5,E
89C6,P
89C7,H
89C8,J
89C9,I
89CA,M
89CB,A
89CC,F
89CE,W
89CF,F
89D0,A
89D1,H
89D2,Q
89D6,Q
89DA,Q
89DC,H
89DE,Q
89E3,Q
89E5,Q
89E6,Q
89EB,Q
89EF,Q
89F3,F
89F3,F
89F4,Q
89F6,Q
89F8,Q
8A00,Y
8A02,Y
8A03,Y
8A07,Q
8A08,Y
8A0A,Y
8A0C,Y
8A0E,Y
8A10,Y
8A13,Y
8A15,Y
8A16,Y
8A18,Y
8A1B,Y
8A1D,Y
8A1F,Y
8A23,Y
8A25,Y
8A2A,Y
8A2D,Y
8A31,Y
8A34,Y
8A36,Y
8A3A,Y
8A3E,H
8A41,Y
8A46,Y
8A48,L
8A4E,Y
8A50,Y
8A52,Y
8A54,Y
8A55,Y
8A58,Y
8A5B,Y
8A5E,Y
8A60,K
8A61,Y
8A62,Y
8A63,Y
8A66,Y
8A69,Y
8A6B,Y
8A6C,Y
8A6D,Y
8A6E,Y
8A70,Y
8A71,Y
8A72,Y
8A73,Y
8A75,Y
8A79,Q
8A7C,Y
8A7F,Y
8A84,Y
8A85,Y
8A86,Y
8A87,D
8A89,I
8A8A,U
8A8D,Y
8A91,Y
8A92,Y
8A93,R
8A95,Y
8A98,Y
8A9A,Y
8A9E,Y
8AA0,Y
8AA1,Y
8AA3,Y
8AA4,Y
8AA5,Y
8AA6,Y
8AA8,Y
8AAA,Y
8AAA,Y
8AB0,Y
8AB0,Y
8AB2,Y
8AB6,Y
8AB9,Y
8ABC,Y
8ABF,Y
8AC2,Y
8AC4,Y
8AC7,Y
8AC9,Y
8ACB,Y
8ACD,Y
8ACF,Y
8AD1,Y
8AD2,Y
8AD6,Y
8AD7,Y
8ADB,Y
8ADC,Y
8ADE,Y
8AE1,Y
8AE2,Y
8AE4,Y
8AE6,Y
8AE7,Y
8AEB,Y
8AED,Y
8AEE,Y
8AF1,Y
8AF3,Y
8AF6,Y
8AF7,Y
8AF8,Y
8AFA,Y
8AFC,Y
8AFE,Y
8B00,Y
8B01,Y
8B02,Y
8B04,U
8B05,Y
8B07,P
8B0A,Y
8B0E,Y
8B10,Y
8B14,K
8B14,Y
8B16,Y
8B17,Y
8B19,Y
8B1B,Y
8B1D,Y
8B20,Y
8B26,F
8B28,Y
8B2B,Y
8B2C,Y
8B33,Y
8B39,Y
8B3E,Y
8B49,Y
8B4E,Y
8B4F,Y
8B56,Y
8B58,Y
8B59,Y
8B5A,Y
8B5C,Y
8B66,A
8B6B,Y
8B6C,N
8B6C,N
8B6F,Y
8B70,Y
8B74,Y
8B77,R
8B7D,I
8B7E,Y
8B80,Y
8B80,Y
8B8A,Y
8B8E,W
8B92,Y
8B93,Y
8B95,Y
8B96,Y
8B9C,Y
8B9E,Y
8BA1,Y
8BA2,Y
8BA3,Y
8BA4,Y
8BA5,Y
8BA6,Y
8BA7,Y
8BA8,Y
8BA9,Y
8BAA,Y
8BAB,Y
8BAD,Y
8BAE,Y
8BAF,Y
8BB0,Y
8BB2,Y
8BB3,Y
8BB4,Y
8BB5,Y
8BB6,Y
8BB7,Y
8BB8,Y
8BB9,Y
8BBA,Y
8BBC,Y
8BBD,Y
8BBE,Y
8BBF,Y
8BC0,Y
8BC1,Y
8BC2,Y
8BC3,Y
8BC4,Y
8BC5,Y
8BC6,Y
8BC8,Y
8BC9,Y
8BCA,Y
8BCB,Y
8BCC,Y
8BCD,Y
8BCE,Y
8BCF,Y
8BD1,Y
8BD2,Y
8BD3,Y
8BD4,Y
8BD5,Y
8BD6,Y
8BD7,Y
8BD8,Y
8BD8,Y
8BD9,Y
8BDA,Y
8BDB,Y
8BDC,Y
8BDD,Y
8BDE,Y
8BDF,Y
8BE0,Y
8BE1,Y
8BE2,Y
8BE3,Y
8BE4,Y
8BE5,Y
8BE6,Y
8BE7,Y
8BE8,Y
8BE9,Y
8BEB,Y
8BEC,Y
8BED,Y
8BEE,Y
8BEF,Y
8BF0,Y
8BF1,Y
8BF2,Y
8BF3,Y
8BF4,Y
8BF4,Y
8BF5,Y
8BF6,Y
8BF7,Y
8BF8,Y
8BF9,Y
8BFA,Y
8BFB,Y
8BFC,Y
8BFD,Y
8BFE,Y
8BFF,Y
8C00,Y
8C01,Y
8C01,Y
8C02,Y
8C03,Y
8C04,Y
8C05,Y
8C06,Y
8C07,Y
8C08,Y
8C0A,Y
8C0B,Y
8C0C,Y
8C0D,Y
8C0E,Y
8C0F,Y
8C10,Y
8C11,Y
8C12,Y
8C13,Y
8C14,Y
8C15,Y
8C16,Y
8C17,Y
8C18,Y
8C19,Y
8C1A,Y
8C1B,Y
8C1C,Y
8C1D,Y
8C1F,Y
8C20,Y
8C21,Y
8C22,Y
8C23,Y
8C24,Y
8C25,Y
8C26,Y
8C27,Y
8C28,Y
8C29,Y
8C2A,Y
8C2B,Y
8C2C,Y
8C2D,Y
8C2E,Y
8C2F,Y
8C30,Y
8C31,Y
8C32,Y
8C33,Y
8C34,Y
8C35,Y
8C36,Y
8C37,W
8C41,P
8C46,G
8C47,G
8C48,M
8C49,G
8C4C,G
8C4E,J
8C50,D
8C54,D
8C55,E
8C5A,E
8C61,Q
8C62,U
8C6A,Y
8C6B,C
8C6C,Q
8C73,E
8C78,E
8C79,E
8C7A,E
8C82,E
8C85,E
8C89,E
8C8A,E
8C8C,E
8C93,Q
8C94,E
8C98,E
8C9D,M
8C9E,H
8CA0,Q
8CA1,M
8CA2,A
8CA7,W
8CA8,W
8CA9,M
8CAA,W
8CAB,X
8CAC,G
8CAF,M
8CB0,A
8CB2,H
8CB3,A
8CB4,K
8CB6,M
8CB7,N
8CB8,W
8CBA,M
8CBB,X
8CBC,M
8CBD,M
8CBF,Q
8CC0,L
8CC1,F
8CC1,F
8CC2,M
8CC3,W
8CC4,M
8CC5,M
8CC7,U
8CC8,S
8CCA,M
8CD1,M
8CD2,M
8CD3,P
8CD5,M
8CDA,G
8CDC,M
8CDE,I
8CE0,M
8CE1,Y
8CE2,J
8CE3,F
8CE4,M
8CE6,M
8CE7,M
8CEA,R
8CEC,M
8CED,M
8CF4,G
8CFA,M
8CFB,M
8CFC,M
8CFD,P
8CFE,A
8D04,R
8D05,G
8D08,M
8D0A,T
8D0B,D
8D0D,M
8D0F,Y
8D10,M
8D13,M
8D16,M
8D1B,U
8D1D,M
8D1E,H
8D1F,Q
8D21,A
8D22,M
8D23,G
8D24,J
8D25,M
8D26,M
8D27,W
8D28,R
8D29,M
8D2A,W
8D2B,W
8D2C,M
8D2D,M
8D2E,M
8D2F,X
8D30,A
8D31,M
8D32,F
8D32,F
8D33,A
8D34,M
8D35,K
8D36,M
8D37,W
8D38,Q
8D39,X
8D3A,L
8D3B,M
8D3C,M
8D3D,R
8D3E,S
8D3F,M
8D40,H
8D41,W
8D42,M
8D43,M
8D44,U
8D45,M
8D46,M
8D47,M
8D48,M
8D49,G
8D4A,M
8D4B,M
8D4C,M
8D4D,F
8D4E,M
8D4F,I
8D50,M
8D53,Y
8D54,M
8D55,M
8D56,G
8D58,G
8D59,M
8D5A,M
8D5A,M
8D5B,P
8D5C,A
8D5D,D
8D5E,T
8D60,M
8D61,M
8D62,Y
8D63,U
8D64,F
8D66,F
8D67,F
8D6B,F
8D6D,F
8D70,F
8D73,F
8D74,F
8D75,F
8D76,F
8D77,F
8D81,F
8D84,F
8D85,F
8D8A,F
8D8B,F
8D91,F
8D94,F
8D95,F
8D99,F
8D9F,F
8DA3,F
8DA8,F
8DB1,F
8DB2,F
8DB3,K
8DB4,K
8DB5,K
8DB8,D
8DBA,K
8DBC,K
8DBE,K
8DBF,K
8DC3,K
8DC4,K
8DC6,K
8DCB,K
8DCC,K
8DCE,K
8DCF,K
8DD1,K
8DD6,K
8DD7,K
8DDA,K
8DDB,K
8DDD,K
8DDE,K
8DDF,K
8DE3,K
8DE4,K
8DE8,K
8DEA,K
8DEB,A
8DEC,K
8DEF,K
8DF3,K
8DF5,K
8DF7,K
8DF8,K
8DF9,K
8DFA,K
8DFB,K
8DFD,K
8E05,R
8E09,K
8E0A,K
8E0C,K
8E0F,K
8E10,K
8E14,K
8E1D,K
8E1E,K
8E1F,K
8E22,K
8E23,K
8E29,K
8E2A,K
8E2C,K
8E2E,K
8E2F,K
8E31,K
8E34,K
8E35,K
8E39,K
8E3A,K
8E3D,K
8E40,K
8E41,K
8E42,K
8E44,K
8E47,P
8E48,K
8E49,K
8E4A,K
8E4B,K
8E4C,K
8E51,K
8E52,K
8E55,K
8E59,D
8E60,K
8E63,K
8E64,K
8E66,K
8E69,U
8E69,U
8E6C,K
8E6D,K
8E6F,K
8E70,K
8E72,K
8E74,K
8E76,K
8E7A,K
8E7C,K
8E7F,K
8E81,K
8E85,K
8E87,K
8E89,D
8E8A,K
8E8B,K
8E8D,K
8E8F,K
8E90,K
8E91,K
8E92,K
8E93,K
8E94,K
8E95,K
8E9A,K
8E9C,K
8E9E,K
8EA1,K
8EA5,K
8EA6,K
8EAA,K
8EAB,T
8EAC,T
8EAF,T
8EB2,T
8EBA,T
8EC0,T
8ECA,L
8ECB,L
8ECC,L
8ECD,P
8ECE,G
8ED2,L
8ED4,L
8EDB,L
8EDF,L
8EE4,L
8EEB,L
8EF2,L
8EF8,L
8EF9,L
8EFA,L
8EFB,L
8EFC,L
8EFE,L
8F03,L
8F05,L
8F07,L
8F09,F
8F0A,L
8F12,L
8F14,L
8F15,L
8F1B,L
8F1C,L
8F1D,I
8F1E,L
8F1F,L
8F25,L
8F26,F
8F29,D
8F2A,L
8F2F,L
8F33,L
8F38,L
8F3B,L
8F3E,L
8F3F,W
8F42,F
8F44,L
8F45,L
8F46,L
8F49,L
8F4D,L
8F4E,L
8F54,L
8F5F,L
8F61,X
8F62,L
8F64,L
8F66,L
8F67,L
8F68,L
8F69,L
8F6B,L
8F6C,L
8F6D,L
8F6E,L
8F6F,L
8F70,L
8F71,L
8F72,L
8F73,L
8F74,L
8F75,L
8F76,L
8F77,L
8F78,L
8F79,L
8F7A,L
8F7B,L
8F7C,L
8F7D,F
8F7E,L
8F7F,L
8F81,L
8F82,L
8F83,L
8F84,L
8F85,L
8F86,L
8F87,F
8F88,D
8F89,I
8F8A,L
8F8B,L
8F8D,L
8F8E,L
8F8F,L
8F90,L
8F91,L
8F93,L
8F94,X
8F95,L
8F96,L
8F97,L
8F98,L
8F99,L
8F9A,L
8F9B,U
8F9C,D
8F9E,T
8F9F,N
8FA3,U
8FA6,L
8FA8,U
8FA9,U
8FAB,U
8FAD,T
8FAE,U
8FAF,U
8FB0,D
8FB1,D
8FB2,P
8FB9,L
8FBD,B
8FBE,D
8FC1,T
8FC2,G
8FC4,T
8FC5,N
8FC7,F
8FC8,D
8FCE,Q
8FD0,F
8FD1,R
8FD3,A
8FD4,R
8FD5,T
8FD8,G
8FD9,P
8FD9,P
8FDB,F
8FDC,F
8FDD,F
8FDE,L
8FDF,N
8FE2,V
8FE4,T
8FE5,M
8FE6,L
8FE8,C
8FE9,Q
8FEA,M
8FEB,R
8FED,R
8FEE,T
8FF0,S
8FF3,C
8FF7,O
8FF8,U
8FF9,Y
8FFD,W
9000,V
9000,O
9001,U
9002,T
9003,I
9004,T
9005,R
9006,U
9009,T
900A,B
900B,G
900D,I
900F,T
9010,E
9011,F
9012,U
9014,W
9015,C
9016,Q
9017,G
9019,P
9019,P
901A,C
901B,Q
901D,R
901E,K
901F,G
9020,T
9021,C
9022,T
9023,L
9026,G
902D,P
902E,V
902F,V
9032,F
9035,F
9036,T
9038,Q
903B,L
903C,G
903E,W
9041,R
9042,U
9044,M
9047,J
904A,I
904B,F
904D,Y
904E,F
904F,J
9050,N
9051,R
9052,U
9052,U
9053,U
9054,D
9055,F
9057,K
9058,F
9059,E
905B,Q
905C,B
905D,I
905E,U
9060,F
9062,J
9063,K
9063,K
9065,E
9068,G
9069,T
906D,G
906E,Y
9072,N
9074,O
9075,U
9075,U
9077,T
9078,T
907A,K
907C,B
907D,H
907F,N
9080,R
9081,D
9082,Q
9083,P
9084,G
9087,Q
9088,E
908A,L
908B,V
908F,L
9090,G
9091,K
9093,C
9095,V
9097,F
9099,Y
909B,A
909D,Y
90A1,Y
90A1,Y
90A2,G
90A3,V
90A6,D
90AA,A
90AC,Q
90AE,M
90AF,A
90B0,C
90B1,R
90B3,G
90B4,G
90B5,V
90B6,U
90B8,Q
90B9,Q
90BA,O
90BB,W
90BE,R
90C1,D
90C4,Q
90C5,G
90C7,Q
90CA,U
90CE,Y
90CF,G
90D0,W
90D1,U
90D3,P
90D7,Q
90DB,E
90DC,T
90DD,F
90DF,G
90E1,V
90E2,K
90E4,Q
90E6,G
90E7,K
90E8,U
90EB,R
90ED,Y
90EF,O
90F4,S
90F5,M
90F8,U
90FD,F
90FE,A
9102,K
9104,S
9106,P
9109,X
9112,Q
9114,Q
9116,K
9119,K
911E,A
9122,G
9123,U
9127,C
912D,U
912F,U
9130,W
9131,T
9132,U
9134,O
9136,W
9139,B
913A,Y
9143,F
9146,D
9148,G
9149,S
914A,S
914B,U
914C,S
914D,S
914E,S
914F,S
9150,S
9152,I
9157,S
915A,S
915D,S
915E,S
9161,S
9162,S
9163,S
9164,S
9165,S
9169,S
916A,S
916C,S
916E,S
916F,S
9170,S
9171,U
9172,S
9174,S
9175,S
9176,S
9177,S
9177,S
9178,S
9179,S
917D,S
917E,S
917E,S
917F,S
9183,E
9185,S
9187,S
9189,S
918B,S
918C,S
918D,S
9190,S
9191,S
9192,S
919A,S
919B,S
919C,N
919E,S
91A2,S
91A3,S
91AA,S
91AA,S
91AB,A
91AC,U
91AD,S
91AE,S
91AF,S
91B4,S
91B5,S
91BA,S
91C0,S
91C1,T
91C3,S
91C3,S
91C5,S
91C7,E
91C9,T
91CA,T
91CB,T
91CC,J
91CD,T
91CE,J
91CF,J
91D1,Q
91D3,Q
91D4,Q
91D5,Q
91D7,Q
91D8,Q
91D9,Q
91DC,W
91DD,Q
91E3,Q
91E4,Q
91E7,Q
91E9,Q
91F5,Q
91F7,Q
91F9,Q
91FA,Q
9200,Q
9201,Q
9204,Q
9208,Q
9209,Q
920D,Q
920E,Q
9210,Q
9211,Q
9214,Q
9215,Q
921E,Q
9223,Q
9225,Q
9226,Q
9227,Q
922E,Q
9230,Q
9233,Q
9234,Q
9237,Q
9238,Q
9239,Q
923A,Q
923D,Q
923E,Q
923F,Q
9240,Q
9245,Q
9248,Q
9249,Q
924D,Q
9251,Q
9255,Q
9257,Q
925A,Q
925B,Q
925E,Q
9266,Q
926C,Q
926D,Q
9274,J
9278,Q
927A,Q
927B,Q
927F,Q
9280,Q
9283,Q
9285,Q
928E,A
9291,Q
9293,Q
9296,Q
9298,Q
929A,Q
929C,T
92A0,Q
92A3,Q
92A5,Q
92A6,Q
92A8,Q
92A9,Q
92AA,Q
92AB,Q
92AC,Q
92AE,Y
92B1,Q
92B3,Q
92B7,Q
92BB,Q
92BC,Q
92C1,Q
92C3,Q
92C5,Q
92C7,Q
92C8,I
92CC,Q
92CF,Q
92D2,Q
92DD,Q
92DF,Q
92E3,Q
92E4,Q
92E5,Q
92E6,Q
92E8,Q
92EA,Q
92EE,Q
92EF,Q
92F0,Q
92F1,Q
92F6,Q
92F8,Q
92FC,Q
9301,Q
9304,V
9306,Q
9307,Q
9308,Q
9310,Q
9312,Q
9315,Q
9318,Q
9319,Q
931A,Q
931B,Q
931F,Q
9320,Q
9322,Q
9326,Q
9328,Q
932B,Q
932E,Q
932F,Q
9333,Q
9338,Q
933E,L
9340,Q
9341,Q
9343,Q
9346,Q
9347,Q
934B,Q
934D,Q
9354,Q
9358,Q
935B,Q
9364,Q
9365,Q
9369,Q
936A,C
936C,Q
9370,Q
9375,Q
9376,Q
937A,Q
937E,Q
937E,Q
9382,Q
9384,Q
9387,Q
938A,Q
938F,I
9396,Q
9398,Q
93A2,Q
93A3,A
93A6,Q
93A7,Q
93A9,Q
93AA,Q
93AC,Q
93AC,Q
93AE,Q
93B0,Q
93B3,Q
93B5,Q
93BF,Q
93C3,Q
93C7,Q
93C8,Q
93CA,G
93CC,Q
93CD,Q
93D1,Q
93D6,Y
93D7,Q
93D8,Q
93DC,Q
93DD,Q
93DE,Q
93DF,Q
93E1,Q
93E2,Q
93E4,Q
93E8,L
93F5,Q
93F7,Q
93F9,Q
93FD,Q
9403,Q
940B,Q
9410,Q
9412,Q
9413,Q
9413,Q
9414,Q
9419,Q
941D,Q
9420,Q
9426,Q
9427,Q
9428,Q
942B,Q
942E,Q
9432,Q
9433,Q
9435,Q
9438,Q
943A,Q
943A,Q
943E,N
943F,Q
9444,Q
944A,Q
944C,Q
9452,J
9454,Q
9460,Q
9463,Q
9465,Q
946B,Q
946D,Q
9470,Q
9470,Q
9472,Q
9477,Q
9479,Q
947C,Q
947D,Q
947E,Y
947F,O
947F,O
9486,Q
9487,Q
9488,Q
9489,Q
948A,Q
948B,Q
948C,Q
948D,Q
948E,Q
948F,Q
9490,Q
9492,Q
9493,Q
9494,Q
9495,Q
9497,Q
9499,Q
949A,Q
949B,Q
949C,Q
949D,Q
949E,Q
949F,Q
94A0,Q
94A1,Q
94A2,Q
94A3,Q
94A4,Q
94A5,Q
94A6,Q
94A7,Q
94A8,Q
94A9,Q
94AA,Q
94AB,Q
94AC,Q
94AD,Q
94AE,Q
94AF,Q
94B0,Q
94B1,Q
94B2,Q
94B3,Q
94B4,Q
94B5,Q
94B6,Q
94B7,Q
94B8,Q
94B9,Q
94BA,Q
94BB,Q
94BC,Q
94BD,Q
94BE,Q
94BF,Q
94C0,Q
94C1,Q
94C2,Q
94C3,Q
94C4,Q
94C5,Q
94C6,Q
94C8,Q
94C9,Q
94CA,Q
94CB,Q
94CC,Q
94CD,Q
94CE,Q
94D0,Q
94D1,Q
94D2,Q
94D5,Q
94D6,Q
94D7,Q
94D8,Q
94D9,Q
94DB,Q
94DB,Q
94DC,Q
94DD,Q
94DE,Q
94DF,Q
94E0,Q
94E1,Q
94E2,Q
94E3,Q
94E3,Q
94E4,Q
94E4,Q
94E5,Q
94E7,Q
94E8,Q
94E9,Q
94EA,Q
94EB,Q
94EC,Q
94ED,Q
94EE,Q
94EF,Q
94F0,Q
94F1,Q
94F2,Q
94F3,Q
94F4,Q
94F5,Q
94F6,Q
94F7,Q
94F8,Q
94F9,Q
94FA,Q
94FC,Q
94FD,Q
94FE,Q
94FF,Q
9500,Q
9501,Q
9502,Q
9503,Q
9504,Q
9505,Q
9506,Q
9507,Q
9508,Q
9509,Q
950A,Q
950B,Q
950C,Q
950D,Q
950E,Q
950F,Q
9510,Q
9511,Q
9512,Q
9513,Q
9514,Q
9515,Q
9516,Q
9517,Q
9518,Q
9519,Q
951A,Q
951B,Q
951D,Q
951E,Q
951F,Q
9521,Q
9522,Q
9523,Q
9524,Q
9525,Q
9526,Q
9528,Q
9529,Q
952A,Q
952B,Q
952C,Q
952D,Q
952E,Q
952F,Q
9530,Q
9531,Q
9532,Q
9534,Q
9535,Q
9536,Q
9537,Q
9538,Q
9539,Q
953A,Q
953B,Q
953C,Q
953E,Q
953F,Q
9540,Q
9541,Q
9542,Q
9544,Q
9545,Q
9546,Q
9547,Q
9549,Q
954A,Q
954C,Q
954D,Q
954E,Q
954F,Q
9550,Q
9551,Q
9552,Q
9553,Q
9554,Q
9556,Q
9557,Q
9558,Q
9559,Q
955B,Q
955C,Q
955D,Q
955E,Q
955F,D
955F,Q
9561,Q
9562,Q
9563,Q
9564,Q
9565,Q
9566,Q
9567,Q
9568,Q
9569,Q
956A,Q
956B,Q
956C,Q
956D,Q
956F,Q
9570,Q
9571,Q
9572,Q
9573,Q
9576,Q
9577,T
957F,T
9580,U
9582,U
9583,U
9586,U
9589,U
958B,G
958C,U
958E,U
958F,U
9591,U
9593,U
9594,U
9598,U
95A1,U
95A3,U
95A5,U
95A8,U
95A9,U
95AB,U
95AC,U
95AD,U
95B1,U
95B6,U
95B9,U
95BB,U
95BC,U
95BD,U
95BE,U
95BF,U
95C3,U
95C8,U
95CA,U
95CB,U
95CC,U
95D0,U
95D4,U
95D5,U
95D6,U
95DC,U
95DE,U
95DE,U
95E1,U
95E5,U
95E8,U
95E9,U
95EA,U
95EB,U
95ED,U
95EE,U
95EF,U
95F0,U
95F1,U
95F2,U
95F3,U
95F4,U
95F5,U
95F6,U
95F7,U
95F8,U
95F9,U
95FA,U
95FB,U
95FC,U
95FD,U
95FE,U
9600,U
9601,U
9602,U
9603,U
9604,U
9605,U
9606,U
9608,U
9609,U
960A,U
960B,U
960C,U
960D,U
960E,U
960F,U
9610,U
9611,U
9612,U
9614,U
9615,U
9616,U
9617,U
9619,U
961A,U
961A,U
961C,W
961F,B
9621,B
9622,B
962A,B
962A,F
962E,B
9631,B
9632,B
9633,B
9634,B
9635,B
9636,B
963B,B
963C,B
963D,B
9640,B
9642,B
9644,B
9645,B
9646,B
9646,B
9647,B
9648,B
9649,B
964B,B
964C,B
964D,B
9650,B
9654,B
9655,B
9658,B
965B,B
965D,B
965F,B
9661,B
9662,B
9663,B
9664,B
9667,B
9668,B
9669,B
966A,B
966C,B
9670,B
9672,B
9673,B
9674,B
9675,B
9676,B
9677,B
9678,B
9678,B
967D,B
9685,B
9686,B
9688,B
9689,B
968A,B
968B,B
968D,B
968E,B
968F,B
9690,B
9694,B
9695,B
9697,B
9698,B
9699,B
969B,B
969C,B
96A7,B
96A8,B
96AA,B
96B0,B
96B1,B
96B3,B
96B4,B
96B6,V
96B8,V
96B9,W
96BC,W
96BD,W
96BE,C
96C0,I
96C1,D
96C4,D
96C5,A
96C6,W
96C7,Y
96C7,Y
96C9,T
96CB,W
96CC,H
96CD,Y
96CE,E
96CF,Q
96D2,T
96D5,M
96D6,K
96D9,C
96DB,Q
96DC,V
96DE,C
96E0,W
96E2,Y
96E3,C
96E8,F
96E9,F
96EA,F
96EF,F
96F2,F
96F3,F
96F6,F
96F7,F
96F9,F
96FB,J
96FE,F
9700,F
9701,F
9704,F
9706,F
9707,F
9708,F
9709,F
970D,F
970E,F
970F,F
9713,F
9716,F
971C,F
971E,F
9727,F
972A,F
972D,F
9730,F
9732,F
9738,F
9739,F
973D,F
973E,F
9742,F
9744,F
9748,V
9752,G
9753,G
9756,U
9759,G
975A,G
975B,G
975C,G
975E,D
9760,T
9761,Y
9762,D
9765,D
9766,E
9768,D
9769,A
9773,A
9774,A
9776,A
977C,A
9785,A
978B,A
978D,A
978F,A
9791,A
9792,A
9794,A
9798,A
97A0,A
97A3,A
97AB,A
97AD,A
97AF,A
97B2,A
97B4,A
97BD,A
97C3,A
97C9,A
97CB,F
97CC,F
97D3,F
97D9,J
97DC,F
97DD,A
97DE,F
97E6,F
97E7,F
97E9,F
97EA,J
97EB,F
97EC,F
97ED,D
97F3,U
97F5,U
97F6,U
97FB,U
97FF,K
9801,D
9802,S
9803,X
9805,A
9806,K
9807,F
9808,E
980A,G
980C,W
980E,R
980F,Y
9810,C
9811,F
9812,W
9813,G
9813,G
9817,H
9818,W
981C,W
981C,W
9821,F
9821,F
9824,A
9826,Y
982D,U
9830,G
9837,W
9838,C
9839,T
983B,H
9846,J
984C,J
984D,P
984E,K
9853,M
9854,U
9858,D
9859,C
985B,F
985E,O
9862,A
9865,J
9867,D
986B,Y
986B,Y
986C,F
986F,J
9870,H
9871,H
9873,B
9874,A
9875,D
9876,S
9877,X
9878,F
9879,A
987A,K
987B,E
987C,G
987D,F
987E,D
987F,G
987F,G
9880,R
9881,W
9882,W
9883,Y
9884,C
9885,H
9886,W
9887,H
9888,C
9889,F
9889,F
988A,G
988C,W
988D,X
988F,Y
9890,A
9891,H
9893,T
9894,W
9896,X
9897,J
9898,J
989A,K
989B,M
989C,U
989D,P
989E,B
989F,A
98A0,F
98A1,C
98A2,J
98A4,Y
98A4,Y
98A5,F
98A6,H
98A7,A
98A8,M
98AE,M
98AF,U
98B6,M
98BC,M
98C4,S
98C6,D
98C8,M
98CE,M
98D1,M
98D2,U
98D3,M
98D5,M
98D8,S
98D9,D
98DA,M
98DB,N
98DE,N
98DF,W
98E7,Q
98E8,X
98E9,Q
98EA,Q
98EB,Q
98ED,Q
98EF,Q
98F2,Q
98F4,Q
98FC,Q
98FD,Q
98FE,Q
9903,Q
9905,Q
9909,Q
990A,U
990C,Q
990D,D
9910,H
9911,Q
9912,Q
9913,Q
9918,Q
9918,W
991B,Q
991E,Q
9921,Q
9928,Q
992E,G
992E,G
9931,O
9933,Q
9937,Q
993C,Q
993E,Q
993F,Q
9943,Q
9945,Q
9948,Q
9949,Q
994A,Q
994B,Q
994C,Q
9951,Q
9952,Q
9954,Y
9955,K
9957,X
995C,D
995E,Q
9962,Q
9965,Q
9967,Q
9968,Q
9969,Q
996A,Q
996B,Q
996C,Q
996D,Q
996E,Q
996F,Q
9970,Q
9971,Q
9972,Q
9974,Q
9975,Q
9976,Q
9977,Q
997A,Q
997C,Q
997D,Q
997F,Q
9980,Q
9981,Q
9984,Q
9985,Q
9986,Q
9987,Q
9988,Q
998A,Q
998B,Q
998D,Q
998F,Q
9990,Q
9991,Q
9992,Q
9993,Q
9994,Q
9995,Q
9996,U
9997,V
9998,U
9999,T
99A5,T
99A8,F
99AC,C
99AD,C
99AE,U
99B1,C
99B1,C
99B3,C
99B4,C
99C1,C
99D0,C
99D1,V
99D2,C
99D4,C
99D5,L
99D8,C
99D8,C
99D9,C
99DB,C
99DD,C
99DF,C
99E2,C
99ED,C
99F1,C
99FF,C
9A01,C
9A05,C
9A0D,C
9A0E,C
9A0F,C
9A16,C
9A19,C
9A2B,P
9A2D,B
9A2E,C
9A30,E
9A36,C
9A37,C
9A38,C
9A3E,C
9A40,A
9A41,G
9A42,C
9A43,C
9A44,C
9A45,C
9A4A,C
9A4D,C
9A4F,C
9A55,C
9A57,C
9A5A,N
9A5B,C
9A5F,C
9A62,C
9A64,C
9A65,C
9A6A,C
9A6C,C
9A6D,C
9A6E,C
9A6E,C
9A6F,C
9A70,C
9A71,C
9A73,C
9A74,C
9A75,C
9A76,C
9A77,C
9A78,C
9A79,C
9A7A,C
9A7B,C
9A7C,C
9A7D,V
9A7E,L
9A7F,C
9A80,C
9A80,C
9A81,C
9A82,K
9A84,C
9A85,C
9A86,C
9A87,C
9A88,C
9A8A,C
9A8B,C
9A8C,C
9A8F,C
9A90,C
9A91,C
9A92,C
9A93,C
9A96,C
9A97,C
9A98,B
9A9A,C
9A9B,C
9A9C,G
9A9D,C
9A9E,P
9A9F,C
9AA0,C
9AA1,C
9AA2,C
9AA3,C
9AA4,C
9AA5,C
9AA7,C
9AA8,M
9AB0,M
9AB1,M
9AB6,M
9AB7,M
9AB8,M
9ABA,M
9ABC,M
9AC0,M
9AC1,M
9AC2,M
9AC5,M
9ACB,M
9ACC,M
9ACF,M
9AD1,M
9AD2,E
9AD3,M
9AD4,W
9AD5,M
9AD6,M
9AD8,Y
9ADF,D
9AE1,D
9AE6,D
9AEB,D
9AED,D
9AEF,D
9AF9,D
9AFB,D
9B03,D
9B08,D
9B0F,D
9B13,D
9B1F,D
9B22,D
9B23,D
9B25,U
9B27,U
9B29,U
9B2E,U
9B2F,Q
9B31,D
9B32,G
9B3B,X
9B3C,R
9B41,R
9B42,F
9B43,R
9B44,R
9B45,R
9B47,D
9B48,R
9B49,R
9B4D,R
9B4E,R
9B4F,T
9B51,R
9B54,Y
9B54,Y
9B58,D
9B5A,Q
9B6F,Q
9B74,Q
9B77,Q
9B81,Q
9B83,Q
9B8E,Q
9B90,Q
9B91,Q
9B92,Q
9B9A,Q
9B9E,Q
9BAA,Q
9BAB,Q
9BAD,Q
9BAE,Q
9BC0,Q
9BC1,Q
9BC7,Q
9BC9,Q
9BCA,I
9BD4,Q
9BD6,Q
9BD6,Q
9BD7,U
9BDB,Q
9BDD,Q
9BE1,Q
9BE2,Q
9BE4,Q
9BE7,Q
9BE8,Q
9BEA,Q
9BEB,Q
9BF0,Q
9BF4,Q
9BFD,Q
9BFF,Q
9C08,Q
9C09,Q
9C0D,Q
9C12,Q
9C13,Q
9C20,Q
9C23,Q
9C25,Q
9C28,Q
9C29,Q
9C2D,Q
9C31,Q
9C33,Q
9C35,T
9C37,Q
9C39,Q
9C3B,Q
9C3E,Q
9C45,Q
9C48,Q
9C52,Q
9C54,Q
9C56,Q
9C57,Q
9C58,Q
9C5D,Q
9C5F,I
9C67,Q
9C6D,Q
9C77,Q
9C78,Q
9C7A,Q
9C7C,Q
9C7F,Q
9C81,Q
9C82,Q
9C85,Q
9C86,Q
9C87,Q
9C88,Q
9C8B,Q
9C8D,Q
9C8E,I
9C90,Q
9C91,Q
9C92,Q
9C94,Q
9C95,Q
9C9A,Q
9C9B,Q
9C9C,Q
9C9E,U
9C9F,Q
9CA0,Q
9CA1,Q
9CA2,Q
9CA3,Q
9CA4,Q
9CA5,Q
9CA6,Q
9CA7,Q
9CA8,I
9CA9,Q
9CAB,Q
9CAD,Q
9CAE,Q
9CB0,Q
9CB1,Q
9CB2,Q
9CB3,Q
9CB4,Q
9CB5,Q
9CB6,Q
9CB7,Q
9CB8,Q
9CBA,Q
9CBB,Q
9CBC,Q
9CBD,Q
9CC3,Q
9CC4,Q
9CC5,Q
9CC6,Q
9CC7,Q
9CCA,Q
9CCB,Q
9CCC,G
9CCD,Q
9CCE,Q
9CCF,Q
9CD0,Q
9CD3,Q
9CD4,Q
9CD5,Q
9CD6,U
9CD7,Q
9CD8,T
9CD9,Q
9CDC,Q
9CDD,Q
9CDE,Q
9CDF,Q
9CE2,Q
9CE5,Q
9CE7,Q
9CE9,V
9CF3,M
9CF4,K
9CF6,A
9D06,P
9D07,X
9D09,A
9D15,Q
9D1B,Q
9D1D,Q
9D1F,Q
9D23,D
9D26,M
9D28,L
9D2F,D
9D30,T
9D3B,I
9D3F,W
9D42,W
9D51,K
9D52,W
9D53,F
9D5C,U
9D5D,T
9D60,T
9D61,G
9D6A,D
9D6C,E
9D6F,R
9D72,A
9D87,A
9D89,Y
9D93,A
9D98,D
9D9A,K
9DA5,N
9DA9,C
9DAF,A
9DB4,P
9DBB,M
9DBB,M
9DBC,U
9DBF,U
9DC2,E
9DD3,Y
9DD7,A
9DD9,R
9DDA,N
9DE5,X
9DE6,W
9DEF,D
9DF2,Y
9DF3,U
9DF8,C
9DF9,Y
9DFA,K
9E0C,Q
9E15,H
9E1A,M
9E1B,A
9E1D,G
9E1E,Y
9E1F,Q
9E20,V
9E21,C
9E22,A
9E23,K
9E25,A
9E26,A
9E28,X
9E29,P
9E2A,D
9E2B,A
9E2C,H
9E2D,L
9E2F,M
9E31,Q
9E32,Q
9E33,Q
9E35,Q
9E36,X
9E37,R
9E38,D
9E39,T
9E3A,W
9E3D,W
9E3E,Y
9E3F,I
9E41,F
9E42,G
9E43,K
9E44,T
9E44,T
9E45,T
9E46,W
9E47,U
9E48,U
9E49,G
9E4A,A
9E4B,A
9E4C,D
9E4E,R
9E4F,E
9E51,Y
9E55,D
9E57,K
9E58,M
9E58,M
9E5A,U
9E5B,N
9E5C,C
9E5E,E
9E63,U
9E64,P
9E66,M
9E67,Y
9E68,N
9E69,D
9E6A,W
9E6B,Y
9E6C,C
9E6D,K
9E70,Y
9E71,Q
9E73,A
9E75,H
9E79,D
9E7A,H
9E7C,D
9E7D,F
9E7E,H
9E7F,Y
9E82,Y
9E85,Q
9E87,Y
9E88,Y
9E8B,Y
9E92,Y
9E93,S
9E97,G
9E9D,Y
9E9F,Y
9EA5,G
9EA6,G
9EA9,G
9EB4,F
9EB8,G
9EBB,Y
9EBD,Y
9EBD,T
9EBD,Y
9EBE,Y
9EC3,A
9EC4,A
9EC9,I
9ECC,I
9ECD,T
9ECE,T
9ECF,T
9ED1,L
9ED4,L
9ED8,L
9EDB,W
9EDC,L
9EDD,L
9EDE,H
9EDF,L
9EE0,L
9EE2,L
9EE5,L
9EE7,T
9EE8,I
9EE9,L
9EEA,L
9EEF,L
9EF2,L
9EF4,F
9EF7,L
9EF9,O
9EFB,O
9EFC,O
9EFD,K
9EFE,K
9EFF,F
9F07,G
9F08,U
9F09,K
9F0B,F
9F0D,K
9F0E,H
9F10,E
9F13,F
9F17,I
9F19,F
9F20,V
9F22,V
9F2C,V
9F2F,V
9F34,V
9F37,V
9F39,V
9F3B,T
9F3D,T
9F3E,T
9F44,T
9F47,T
9F4A,Y
9F4B,Y
9F4E,F
9F4F,Y
9F50,Y
9F51,Y
9F52,H
9F54,H
9F59,H
9F5C,H
9F5F,H
9F60,H
9F61,H
9F66,H
9F67,K
9F6A,H
9F6C,H
9F72,H
9F76,E
9F77,H
9F7F,H
9F80,H
9F83,H
9F84,H
9F85,H
9F86,H
9F87,H
9F88,H
9F89,H
9F8A,H
9F8B,H
9F8C,H
9F8D,D
9F90,Y
9F94,D
9F95,W
9F99,D
9F9A,D
9F9B,W
9F9C,Q
9F9F,Q
9FA0,W
